visit_id,date,arrival_hour,age,sex,department,diagnosis_group,triage_level,wait_minutes,length_of_stay_hours,readmitted_30d
V100000,2026-08-10,19,42,M,Gastroenterology,Gastrointestinal,5,87,2.6,0
V100001,2026-09-23,10,22,M,General Medicine,Infection / fever,4,18,7.0,1
V100002,2026-07-07,0,61,M,Neurology,Neurological,3,14,18.4,1
V100003,2026-07-21,4,57,M,Orthopaedics,Musculoskeletal,4,33,7.9,0
V100004,2026-07-26,21,18,F,Emergency Medicine,Trauma / acute illness,2,41,20.7,0
V100005,2026-09-20,11,6,F,Obstetrics & Gynaecology,Obstetric,2,37,11.5,0
V100006,2026-09-05,10,14,M,Gastroenterology,Gastrointestinal,4,27,2.5,0
V100007,2026-07-17,22,26,M,Gastroenterology,Gastrointestinal,4,9,1.2,0
V100008,2026-09-02,20,98,M,Emergency Medicine,Trauma / acute illness,1,7,22.1,0
V100009,2026-07-02,14,59,M,General Medicine,Infection / fever,4,49,3.3,0
V100010,2026-09-10,12,31,M,General Medicine,Infection / fever,2,96,1.0,0
V100011,2026-07-21,13,38,F,Paediatrics,Paediatric illness,4,54,3.6,0
V100012,2026-09-03,15,26,M,Orthopaedics,Musculoskeletal,4,113,4.6,0
V100013,2026-08-14,22,18,F,Neurology,Neurological,3,13,17.1,0
V100014,2026-09-05,16,34,F,General Medicine,Infection / fever,4,21,3.8,0
V100015,2026-08-01,17,87,F,Emergency Medicine,Trauma / acute illness,2,25,10.5,0
V100016,2026-08-17,20,98,F,Pulmonology,Respiratory,2,14,10.6,0
V100017,2026-09-20,7,27,F,Emergency Medicine,Trauma / acute illness,3,6,13.7,0
V100018,2026-09-11,17,45,F,Neurology,Neurological,3,20,3.8,0
V100019,2026-08-19,12,53,M,Orthopaedics,Musculoskeletal,3,47,9.5,0
V100020,2026-09-22,0,38,M,Gastroenterology,Gastrointestinal,4,10,3.1,0
V100021,2026-07-11,2,77,M,General Medicine,Infection / fever,4,11,12.4,0
V100022,2026-09-02,8,35,M,Obstetrics & Gynaecology,Obstetric,4,18,13.0,0
V100023,2026-08-26,16,32,F,Paediatrics,Paediatric illness,5,18,2.6,0
V100024,2026-07-24,14,28,F,Gastroenterology,Gastrointestinal,4,25,6.0,0
V100025,2026-08-05,14,38,M,Emergency Medicine,Trauma / acute illness,2,26,7.8,0
V100026,2026-08-06,23,8,F,General Medicine,Infection / fever,4,10,0.8,0
V100027,2026-08-31,7,39,M,Emergency Medicine,Trauma / acute illness,2,14,9.4,0
V100028,2026-08-26,13,47,M,Emergency Medicine,Trauma / acute illness,3,32,6.6,0
V100029,2026-09-09,15,48,F,Orthopaedics,Musculoskeletal,3,17,5.3,0
V100030,2026-08-29,10,25,M,Gastroenterology,Gastrointestinal,3,11,5.8,0
V100031,2026-09-27,14,48,F,Obstetrics & Gynaecology,Obstetric,3,18,9.6,0
V100032,2026-09-13,5,47,M,Cardiology,Cardiovascular,2,16,12.0,0
V100033,2026-08-21,21,48,M,General Medicine,Infection / fever,2,5,7.9,0
V100034,2026-07-02,10,64,M,General Medicine,Infection / fever,3,48,17.8,0
V100035,2026-08-03,23,24,M,Emergency Medicine,Trauma / acute illness,3,19,0.9,0
V100036,2026-07-12,13,39,M,Emergency Medicine,Trauma / acute illness,3,18,4.0,0
V100037,2026-08-09,19,16,F,General Medicine,Infection / fever,5,11,4.2,0
V100038,2026-09-28,13,61,M,Emergency Medicine,Trauma / acute illness,3,44,1.3,0
V100039,2026-08-06,13,26,M,Orthopaedics,Musculoskeletal,4,79,0.6,0
V100040,2026-09-12,10,69,F,General Medicine,Infection / fever,5,26,2.5,0
V100041,2026-08-10,14,70,F,Neurology,Neurological,3,103,7.9,0
V100042,2026-08-21,15,40,M,Orthopaedics,Musculoskeletal,4,35,3.2,0
V100043,2026-07-03,9,39,F,Cardiology,Cardiovascular,3,24,8.1,0
V100044,2026-08-31,13,20,M,Neurology,Neurological,4,64,0.7,0
V100045,2026-07-23,10,44,F,Gastroenterology,Gastrointestinal,4,51,2.4,0
V100046,2026-08-11,23,64,F,General Medicine,Infection / fever,3,9,11.2,0
V100047,2026-09-27,13,50,M,Cardiology,Cardiovascular,3,20,9.5,0
V100048,2026-07-21,22,82,M,Orthopaedics,Musculoskeletal,3,47,5.4,0
V100049,2026-09-22,12,36,M,Emergency Medicine,Trauma / acute illness,3,46,7.7,0
V100050,2026-09-13,15,36,F,Emergency Medicine,Trauma / acute illness,3,104,6.6,0
V100051,2026-07-05,7,27,M,Emergency Medicine,Trauma / acute illness,2,27,8.9,0
V100052,2026-08-03,11,98,M,Gastroenterology,Gastrointestinal,4,53,6.9,0
V100053,2026-09-27,15,20,F,Orthopaedics,Musculoskeletal,3,18,20.3,0
V100054,2026-08-10,22,62,M,Orthopaedics,Musculoskeletal,4,58,13.7,0
V100055,2026-09-10,15,64,F,Gastroenterology,Gastrointestinal,3,4,1.4,0
V100056,2026-09-21,21,63,F,General Medicine,Infection / fever,5,33,1.9,0
V100057,2026-07-01,17,29,F,Pulmonology,Respiratory,3,48,2.4,0
V100058,2026-09-04,22,22,F,Emergency Medicine,Trauma / acute illness,2,25,12.1,0
V100059,2026-09-21,13,40,M,Emergency Medicine,Trauma / acute illness,1,2,9.8,0
V100060,2026-08-21,23,57,M,Orthopaedics,Musculoskeletal,5,27,4.7,0
V100061,2026-09-25,11,32,F,General Medicine,Infection / fever,4,36,4.6,0
V100062,2026-09-01,10,38,F,Pulmonology,Respiratory,3,13,18.4,0
V100063,2026-08-26,7,32,M,Gastroenterology,Gastrointestinal,4,33,14.1,0
V100064,2026-07-12,23,46,F,Orthopaedics,Musculoskeletal,4,15,11.9,1
V100065,2026-09-09,18,45,F,Pulmonology,Respiratory,4,23,0.4,0
V100066,2026-09-15,12,89,M,Pulmonology,Respiratory,3,12,9.7,0
V100067,2026-07-30,20,58,F,Cardiology,Cardiovascular,3,165,5.2,0
V100068,2026-07-15,17,22,M,Emergency Medicine,Trauma / acute illness,3,37,5.9,0
V100069,2026-08-21,23,23,M,General Medicine,Infection / fever,4,8,8.3,0
V100070,2026-09-23,5,62,M,Emergency Medicine,Trauma / acute illness,3,26,5.5,0
V100071,2026-09-04,12,44,M,General Medicine,Infection / fever,5,86,2.4,0
V100072,2026-09-11,11,98,F,Neurology,Neurological,3,39,8.8,0
V100073,2026-08-20,3,98,F,Emergency Medicine,Trauma / acute illness,1,2,2.7,0
V100074,2026-08-07,19,27,M,Emergency Medicine,Trauma / acute illness,2,15,6.5,0
V100075,2026-07-28,12,51,M,Cardiology,Cardiovascular,4,44,9.9,0
V100076,2026-09-11,17,23,M,Cardiology,Cardiovascular,1,4,1.3,0
V100077,2026-08-28,23,62,F,Orthopaedics,Musculoskeletal,2,35,13.8,0
V100078,2026-09-06,12,95,M,Pulmonology,Respiratory,4,41,3.4,0
V100079,2026-09-14,11,47,F,Gastroenterology,Gastrointestinal,5,45,1.7,0
V100080,2026-09-27,14,36,M,Orthopaedics,Musculoskeletal,3,76,11.8,0
V100081,2026-09-14,19,53,M,General Medicine,Infection / fever,4,80,1.7,0
V100082,2026-08-10,11,68,F,Neurology,Neurological,3,28,6.7,0
V100083,2026-07-12,10,68,F,Emergency Medicine,Trauma / acute illness,2,86,3.0,0
V100084,2026-08-20,19,36,M,Emergency Medicine,Trauma / acute illness,3,10,9.4,0
V100085,2026-08-10,15,32,M,Emergency Medicine,Trauma / acute illness,1,3,6.0,0
V100086,2026-09-23,3,50,F,Orthopaedics,Musculoskeletal,3,30,1.8,0
V100087,2026-07-04,7,37,F,General Medicine,Infection / fever,4,13,4.6,0
V100088,2026-09-16,21,77,M,Emergency Medicine,Trauma / acute illness,2,5,3.0,0
V100089,2026-08-26,16,37,F,General Medicine,Infection / fever,3,16,5.0,0
V100090,2026-07-07,10,46,F,Emergency Medicine,Trauma / acute illness,3,60,3.3,0
V100091,2026-07-22,13,53,F,Orthopaedics,Musculoskeletal,4,69,5.4,0
V100092,2026-07-06,14,20,F,General Medicine,Infection / fever,4,58,5.5,0
V100093,2026-09-22,17,33,F,General Medicine,Infection / fever,4,21,2.6,0
V100094,2026-08-28,6,98,M,Cardiology,Cardiovascular,2,40,25.3,0
V100095,2026-08-25,9,66,M,Orthopaedics,Musculoskeletal,5,18,6.0,0
V100096,2026-08-16,15,37,M,General Medicine,Infection / fever,3,39,2.9,0
V100097,2026-08-06,13,62,F,Emergency Medicine,Trauma / acute illness,1,2,30.0,0
V100098,2026-07-16,16,77,M,Emergency Medicine,Trauma / acute illness,2,21,16.5,0
V100099,2026-09-04,7,40,F,Obstetrics & Gynaecology,Obstetric,4,41,5.9,0
V100100,2026-07-12,15,65,M,Paediatrics,Paediatric illness,3,56,9.2,0
V100101,2026-07-19,19,61,M,Orthopaedics,Musculoskeletal,3,17,2.2,0
V100102,2026-09-26,16,23,M,Cardiology,Cardiovascular,3,34,15.9,1
V100103,2026-07-09,14,40,F,Obstetrics & Gynaecology,Obstetric,3,54,0.9,0
V100104,2026-09-24,13,90,M,Gastroenterology,Gastrointestinal,2,2,13.4,0
V100105,2026-07-08,9,98,M,Orthopaedics,Musculoskeletal,4,36,10.8,0
V100106,2026-08-13,13,67,F,General Medicine,Infection / fever,3,55,4.3,1
V100107,2026-08-22,20,32,M,Cardiology,Cardiovascular,4,50,8.0,0
V100108,2026-07-11,13,12,F,Emergency Medicine,Trauma / acute illness,3,46,7.4,0
V100109,2026-09-18,9,30,F,Paediatrics,Paediatric illness,4,25,8.4,0
V100110,2026-09-25,11,22,M,General Medicine,Infection / fever,4,59,9.3,0
V100111,2026-07-21,15,93,M,Emergency Medicine,Trauma / acute illness,1,1,30.0,0
V100112,2026-07-20,12,16,F,Cardiology,Cardiovascular,2,14,21.9,0
V100113,2026-09-07,16,24,F,Pulmonology,Respiratory,3,45,1.1,1
V100114,2026-08-03,16,49,F,Emergency Medicine,Trauma / acute illness,3,53,3.0,0
V100115,2026-07-04,18,44,F,Neurology,Neurological,1,5,16.5,0
V100116,2026-09-06,21,88,F,Gastroenterology,Gastrointestinal,3,66,15.3,0
V100117,2026-08-01,19,59,F,Orthopaedics,Musculoskeletal,3,18,2.6,0
V100118,2026-08-06,9,41,M,General Medicine,Infection / fever,4,11,7.5,0
V100119,2026-08-28,9,78,M,Pulmonology,Respiratory,3,44,18.4,0
V100120,2026-08-21,13,36,M,Pulmonology,Respiratory,4,26,9.2,0
V100121,2026-09-13,11,91,M,Orthopaedics,Musculoskeletal,4,35,8.6,0
V100122,2026-09-10,8,28,F,Emergency Medicine,Trauma / acute illness,3,41,6.6,0
V100123,2026-09-23,11,7,F,General Medicine,Infection / fever,5,47,2.1,0
V100124,2026-09-21,11,43,F,Emergency Medicine,Trauma / acute illness,2,45,30.0,0
V100125,2026-08-26,10,13,F,General Medicine,Infection / fever,5,21,1.5,0
V100126,2026-08-20,12,68,M,Cardiology,Cardiovascular,2,36,5.2,1
V100127,2026-08-11,20,48,F,Emergency Medicine,Trauma / acute illness,2,35,2.4,0
V100128,2026-08-29,15,91,M,Emergency Medicine,Trauma / acute illness,3,68,11.9,0
V100129,2026-07-06,23,39,M,Pulmonology,Respiratory,4,65,6.4,0
V100130,2026-08-06,14,20,F,Emergency Medicine,Trauma / acute illness,3,23,7.0,0
V100131,2026-07-25,12,55,F,Paediatrics,Paediatric illness,5,18,3.2,0
V100132,2026-08-20,14,33,M,Pulmonology,Respiratory,1,4,20.9,0
V100133,2026-09-22,15,64,M,Cardiology,Cardiovascular,4,8,3.9,0
V100134,2026-08-13,16,28,F,Pulmonology,Respiratory,3,56,10.1,0
V100135,2026-08-22,23,84,M,Emergency Medicine,Trauma / acute illness,3,44,6.6,0
V100136,2026-08-06,9,46,F,Obstetrics & Gynaecology,Obstetric,2,14,13.8,0
V100137,2026-07-31,18,41,M,General Medicine,Infection / fever,4,3,11.5,0
V100138,2026-08-31,15,81,M,Gastroenterology,Gastrointestinal,3,63,14.7,0
V100139,2026-07-23,5,69,F,Emergency Medicine,Trauma / acute illness,3,61,22.7,0
V100140,2026-09-18,18,30,F,General Medicine,Infection / fever,4,88,3.0,0
V100141,2026-07-11,20,68,M,General Medicine,Infection / fever,4,90,3.7,0
V100142,2026-07-21,9,61,M,Paediatrics,Paediatric illness,3,8,9.5,0
V100143,2026-09-06,13,42,M,Pulmonology,Respiratory,3,34,4.7,0
V100144,2026-07-08,5,65,M,General Medicine,Infection / fever,4,33,7.1,0
V100145,2026-08-07,7,83,M,Cardiology,Cardiovascular,3,26,9.3,0
V100146,2026-08-04,19,43,M,Cardiology,Cardiovascular,4,58,2.0,0
V100147,2026-09-23,11,43,M,General Medicine,Infection / fever,4,16,6.5,0
V100148,2026-07-15,8,42,F,General Medicine,Infection / fever,3,5,3.2,0
V100149,2026-08-10,15,30,F,Emergency Medicine,Trauma / acute illness,3,5,18.1,0
V100150,2026-08-11,11,43,M,Neurology,Neurological,5,80,2.0,0
V100151,2026-09-12,11,40,F,Paediatrics,Paediatric illness,5,13,1.2,0
V100152,2026-08-18,17,39,F,Emergency Medicine,Trauma / acute illness,1,3,13.8,1
V100153,2026-07-12,7,39,F,Pulmonology,Respiratory,3,15,9.0,0
V100154,2026-09-17,9,24,M,Emergency Medicine,Trauma / acute illness,3,16,4.4,0
V100155,2026-07-14,14,72,M,Orthopaedics,Musculoskeletal,3,28,5.4,1
V100156,2026-09-01,19,33,M,Cardiology,Cardiovascular,2,19,1.7,0
V100157,2026-07-25,20,86,M,Orthopaedics,Musculoskeletal,3,7,14.2,0
V100158,2026-07-11,10,27,M,Orthopaedics,Musculoskeletal,4,32,11.9,0
V100159,2026-07-18,18,95,M,Gastroenterology,Gastrointestinal,2,15,20.4,0
V100160,2026-09-23,9,37,F,Emergency Medicine,Trauma / acute illness,4,14,2.4,0
V100161,2026-09-26,23,68,M,Paediatrics,Paediatric illness,4,81,7.6,0
V100162,2026-08-24,8,47,M,Emergency Medicine,Trauma / acute illness,2,6,11.2,0
V100163,2026-09-11,20,22,M,Emergency Medicine,Trauma / acute illness,4,31,1.1,0
V100164,2026-09-20,10,23,M,Pulmonology,Respiratory,2,33,5.8,0
V100165,2026-08-01,23,31,M,General Medicine,Infection / fever,3,72,9.1,0
V100166,2026-09-07,17,36,F,Neurology,Neurological,2,11,1.0,0
V100167,2026-08-16,8,44,F,Gastroenterology,Gastrointestinal,5,70,0.9,0
V100168,2026-07-16,11,52,F,Cardiology,Cardiovascular,2,25,15.9,0
V100169,2026-08-17,18,41,F,Obstetrics & Gynaecology,Obstetric,2,25,4.6,0
V100170,2026-07-05,19,51,F,Cardiology,Cardiovascular,2,44,2.3,0
V100171,2026-08-24,13,55,M,General Medicine,Infection / fever,4,94,9.2,0
V100172,2026-07-24,14,40,F,Cardiology,Cardiovascular,4,25,2.3,0
V100173,2026-07-10,17,61,M,Paediatrics,Paediatric illness,5,50,4.0,0
V100174,2026-09-02,14,67,F,Emergency Medicine,Trauma / acute illness,4,41,15.3,0
V100175,2026-08-01,7,56,F,Emergency Medicine,Trauma / acute illness,3,26,2.5,0
V100176,2026-08-10,9,57,F,General Medicine,Infection / fever,3,41,6.1,0
V100177,2026-07-08,15,49,F,Obstetrics & Gynaecology,Obstetric,5,23,2.8,0
V100178,2026-07-08,20,75,F,Paediatrics,Paediatric illness,3,24,14.9,0
V100179,2026-09-21,22,44,F,Gastroenterology,Gastrointestinal,3,6,4.4,0
V100180,2026-08-23,18,32,M,Paediatrics,Paediatric illness,4,53,0.3,0
V100181,2026-08-06,15,45,F,Paediatrics,Paediatric illness,3,34,2.5,0
V100182,2026-08-29,17,22,M,General Medicine,Infection / fever,3,82,5.1,0
V100183,2026-09-04,10,21,F,Cardiology,Cardiovascular,3,12,11.9,0
V100184,2026-07-11,13,67,F,Gastroenterology,Gastrointestinal,5,132,3.3,0
V100185,2026-09-21,9,86,F,Orthopaedics,Musculoskeletal,3,39,12.6,0
V100186,2026-08-29,7,38,F,General Medicine,Infection / fever,3,38,5.0,0
V100187,2026-07-28,15,68,M,Emergency Medicine,Trauma / acute illness,1,2,14.3,0
V100188,2026-07-25,14,16,F,Gastroenterology,Gastrointestinal,4,30,8.4,0
V100189,2026-07-08,17,15,M,Cardiology,Cardiovascular,3,23,15.0,0
V100190,2026-07-24,16,76,M,Paediatrics,Paediatric illness,3,73,25.6,0
V100191,2026-07-31,15,56,F,Cardiology,Cardiovascular,2,6,11.6,0
V100192,2026-07-20,16,44,M,Emergency Medicine,Trauma / acute illness,3,29,1.0,0
V100193,2026-08-30,13,93,M,Neurology,Neurological,4,35,7.8,0
V100194,2026-07-23,16,41,M,Emergency Medicine,Trauma / acute illness,2,20,1.2,0
V100195,2026-08-14,10,26,M,Emergency Medicine,Trauma / acute illness,3,15,10.7,0
V100196,2026-08-20,15,19,F,Pulmonology,Respiratory,4,4,5.1,0
V100197,2026-07-07,17,45,M,Paediatrics,Paediatric illness,3,30,14.4,0
V100198,2026-07-16,10,49,F,Emergency Medicine,Trauma / acute illness,2,41,6.6,0
V100199,2026-07-07,14,40,M,Cardiology,Cardiovascular,3,34,7.9,1
V100200,2026-09-01,10,68,F,Gastroenterology,Gastrointestinal,3,15,11.2,0
V100201,2026-09-01,11,82,F,Obstetrics & Gynaecology,Obstetric,4,35,1.5,1
V100202,2026-07-12,8,37,M,General Medicine,Infection / fever,4,69,6.4,0
V100203,2026-09-05,20,16,F,Emergency Medicine,Trauma / acute illness,3,19,3.7,0
V100204,2026-09-12,19,51,F,Emergency Medicine,Trauma / acute illness,1,3,14.8,0
V100205,2026-07-10,16,76,F,Emergency Medicine,Trauma / acute illness,2,36,2.1,0
V100206,2026-07-11,23,37,M,Emergency Medicine,Trauma / acute illness,4,8,7.4,0
V100207,2026-09-10,13,57,F,Orthopaedics,Musculoskeletal,5,32,3.5,0
V100208,2026-07-28,23,25,F,Emergency Medicine,Trauma / acute illness,4,21,9.3,0
V100209,2026-08-01,12,51,M,General Medicine,Infection / fever,3,33,1.3,0
V100210,2026-08-22,15,58,F,Orthopaedics,Musculoskeletal,4,80,15.9,0
V100211,2026-07-07,11,51,F,Pulmonology,Respiratory,3,12,2.1,0
V100212,2026-08-09,15,98,M,Emergency Medicine,Trauma / acute illness,2,65,11.7,1
V100213,2026-07-31,18,86,F,Gastroenterology,Gastrointestinal,3,50,6.4,0
V100214,2026-09-13,13,62,F,Orthopaedics,Musculoskeletal,2,94,8.4,0
V100215,2026-09-04,23,72,M,Gastroenterology,Gastrointestinal,3,3,22.8,0
V100216,2026-07-26,15,51,M,Emergency Medicine,Trauma / acute illness,3,2,2.4,0
V100217,2026-08-29,15,43,F,Emergency Medicine,Trauma / acute illness,3,145,19.4,0
V100218,2026-08-06,9,35,M,Paediatrics,Paediatric illness,4,8,8.2,0
V100219,2026-08-13,16,24,M,General Medicine,Infection / fever,4,18,4.6,0
V100220,2026-09-05,13,88,M,Cardiology,Cardiovascular,3,16,8.0,0
V100221,2026-07-26,10,98,M,General Medicine,Infection / fever,4,54,8.2,0
V100222,2026-08-22,9,45,M,Orthopaedics,Musculoskeletal,4,23,3.3,0
V100223,2026-08-07,23,46,F,Obstetrics & Gynaecology,Obstetric,4,15,3.8,0
V100224,2026-08-28,12,59,M,Cardiology,Cardiovascular,4,107,5.2,0
V100225,2026-08-04,6,41,F,Paediatrics,Paediatric illness,4,3,11.9,0
V100226,2026-09-23,10,26,F,Emergency Medicine,Trauma / acute illness,3,62,6.2,0
V100227,2026-08-05,13,22,M,Pulmonology,Respiratory,3,31,1.1,0
V100228,2026-07-10,16,98,F,Orthopaedics,Musculoskeletal,3,18,9.3,0
V100229,2026-08-14,16,18,F,Emergency Medicine,Trauma / acute illness,2,17,8.7,0
V100230,2026-07-22,17,52,F,Emergency Medicine,Trauma / acute illness,3,25,4.0,0
V100231,2026-08-10,10,19,M,General Medicine,Infection / fever,3,16,9.1,0
V100232,2026-09-21,15,42,M,Obstetrics & Gynaecology,Obstetric,4,63,2.7,0
V100233,2026-07-10,9,37,F,Pulmonology,Respiratory,3,17,6.1,0
V100234,2026-07-04,10,21,M,Paediatrics,Paediatric illness,4,57,5.3,0
V100235,2026-07-27,9,60,F,Gastroenterology,Gastrointestinal,4,17,5.7,0
V100236,2026-08-09,7,25,M,General Medicine,Infection / fever,4,31,6.4,0
V100237,2026-07-12,19,19,M,Gastroenterology,Gastrointestinal,2,32,14.2,1
V100238,2026-09-01,17,63,F,Emergency Medicine,Trauma / acute illness,3,32,7.8,0
V100239,2026-08-24,19,37,M,Emergency Medicine,Trauma / acute illness,3,76,1.5,0
V100240,2026-09-02,14,30,F,Neurology,Neurological,2,71,11.6,0
V100241,2026-08-08,18,65,M,Gastroenterology,Gastrointestinal,5,68,4.6,0
V100242,2026-09-22,4,24,F,Emergency Medicine,Trauma / acute illness,1,4,1.8,1
V100243,2026-08-30,18,16,F,Pulmonology,Respiratory,4,59,1.0,0
V100244,2026-09-21,14,79,M,Pulmonology,Respiratory,3,22,4.7,0
V100245,2026-07-08,17,98,M,Neurology,Neurological,1,2,23.1,0
V100246,2026-08-30,15,42,M,Pulmonology,Respiratory,3,5,3.3,0
V100247,2026-08-01,8,7,M,General Medicine,Infection / fever,4,12,8.9,0
V100248,2026-07-18,6,41,F,General Medicine,Infection / fever,3,7,8.3,0
V100249,2026-07-17,10,67,F,General Medicine,Infection / fever,3,18,5.5,0
V100250,2026-07-18,16,75,M,Orthopaedics,Musculoskeletal,3,39,30.0,0
V100251,2026-07-09,17,26,F,Neurology,Neurological,3,22,2.1,0
V100252,2026-08-10,6,38,M,General Medicine,Infection / fever,2,37,9.5,0
V100253,2026-09-08,8,50,F,Cardiology,Cardiovascular,4,12,2.0,0
V100254,2026-08-11,10,65,F,Emergency Medicine,Trauma / acute illness,2,43,12.0,1
V100255,2026-07-12,12,62,F,Gastroenterology,Gastrointestinal,3,14,3.1,0
V100256,2026-09-02,6,57,F,Neurology,Neurological,2,47,6.4,0
V100257,2026-07-16,6,75,F,Emergency Medicine,Trauma / acute illness,3,11,4.9,0
V100258,2026-09-17,9,43,F,Emergency Medicine,Trauma / acute illness,1,2,9.4,0
V100259,2026-08-03,14,88,F,Pulmonology,Respiratory,3,18,14.9,0
V100260,2026-07-01,7,33,M,Emergency Medicine,Trauma / acute illness,2,57,2.4,0
V100261,2026-07-27,13,62,F,Neurology,Neurological,3,86,3.4,0
V100262,2026-09-13,19,36,F,Cardiology,Cardiovascular,2,38,6.6,0
V100263,2026-09-21,7,42,F,Emergency Medicine,Trauma / acute illness,2,28,7.7,0
V100264,2026-08-07,12,45,F,Paediatrics,Paediatric illness,4,62,11.4,0
V100265,2026-09-27,19,35,F,Emergency Medicine,Trauma / acute illness,3,49,3.5,0
V100266,2026-07-21,11,77,F,Cardiology,Cardiovascular,2,53,18.8,1
V100267,2026-08-08,11,37,F,Emergency Medicine,Trauma / acute illness,2,13,24.8,0
V100268,2026-08-11,20,44,M,Emergency Medicine,Trauma / acute illness,3,32,6.1,0
V100269,2026-07-19,12,59,F,Emergency Medicine,Trauma / acute illness,1,1,4.6,0
V100270,2026-08-04,19,98,F,Emergency Medicine,Trauma / acute illness,2,75,22.0,0
V100271,2026-08-14,16,60,M,Emergency Medicine,Trauma / acute illness,2,10,16.6,0
V100272,2026-09-01,12,46,F,Emergency Medicine,Trauma / acute illness,2,83,3.4,0
V100273,2026-08-14,16,15,F,Pulmonology,Respiratory,4,37,13.7,0
V100274,2026-07-10,15,42,F,Orthopaedics,Musculoskeletal,3,61,3.9,0
V100275,2026-08-11,19,32,M,General Medicine,Infection / fever,3,21,6.0,0
V100276,2026-09-15,11,38,M,Cardiology,Cardiovascular,4,11,7.3,0
V100277,2026-07-02,14,36,F,General Medicine,Infection / fever,5,104,6.3,0
V100278,2026-09-28,13,59,M,Paediatrics,Paediatric illness,2,40,11.5,0
V100279,2026-07-12,17,41,M,Neurology,Neurological,2,10,7.4,0
V100280,2026-07-01,8,28,M,Emergency Medicine,Trauma / acute illness,3,22,4.9,0
V100281,2026-07-13,19,68,F,Emergency Medicine,Trauma / acute illness,2,25,8.6,0
V100282,2026-07-23,16,23,M,Emergency Medicine,Trauma / acute illness,4,50,19.0,0
V100283,2026-08-01,7,45,F,Cardiology,Cardiovascular,3,11,9.6,0
V100284,2026-09-13,20,42,F,Pulmonology,Respiratory,4,13,5.2,0
V100285,2026-08-22,23,53,M,General Medicine,Infection / fever,3,26,12.5,0
V100286,2026-08-27,19,76,M,Emergency Medicine,Trauma / acute illness,2,13,9.0,0
V100287,2026-09-18,21,98,F,General Medicine,Infection / fever,2,55,25.5,0
V100288,2026-07-12,14,46,F,General Medicine,Infection / fever,5,71,3.4,0
V100289,2026-07-21,5,32,M,Emergency Medicine,Trauma / acute illness,3,41,5.4,0
V100290,2026-09-26,4,30,M,Neurology,Neurological,2,3,6.1,0
V100291,2026-09-08,15,30,M,Emergency Medicine,Trauma / acute illness,3,22,1.3,0
V100292,2026-07-06,10,52,F,Paediatrics,Paediatric illness,5,32,4.5,0
V100293,2026-07-21,9,13,F,Emergency Medicine,Trauma / acute illness,2,9,2.4,0
V100294,2026-08-03,13,22,M,Neurology,Neurological,3,49,17.5,0
V100295,2026-07-03,17,52,F,Paediatrics,Paediatric illness,4,50,2.2,0
V100296,2026-08-22,6,70,M,Obstetrics & Gynaecology,Obstetric,4,45,3.7,0
V100297,2026-08-28,11,70,M,Gastroenterology,Gastrointestinal,3,65,25.1,0
V100298,2026-07-31,21,47,M,Gastroenterology,Gastrointestinal,4,52,8.6,0
V100299,2026-07-20,8,66,M,Orthopaedics,Musculoskeletal,4,127,6.3,0
V100300,2026-08-08,18,76,F,Gastroenterology,Gastrointestinal,5,40,8.7,0
V100301,2026-09-21,11,37,M,Emergency Medicine,Trauma / acute illness,1,2,10.9,1
V100302,2026-09-03,16,73,M,Pulmonology,Respiratory,3,48,5.9,0
V100303,2026-09-23,19,18,M,General Medicine,Infection / fever,5,91,2.7,1
V100304,2026-08-19,17,22,F,Neurology,Neurological,3,7,14.3,0
V100305,2026-07-10,18,38,F,General Medicine,Infection / fever,4,19,1.5,0
V100306,2026-07-06,8,17,M,General Medicine,Infection / fever,3,15,3.6,0
V100307,2026-07-18,19,59,M,Orthopaedics,Musculoskeletal,3,34,2.9,0
V100308,2026-08-16,9,34,F,Cardiology,Cardiovascular,1,1,4.0,0
V100309,2026-07-19,15,42,F,Emergency Medicine,Trauma / acute illness,2,58,8.0,0
V100310,2026-07-29,15,43,F,General Medicine,Infection / fever,3,38,2.4,0
V100311,2026-09-21,16,37,F,General Medicine,Infection / fever,4,33,0.7,0
V100312,2026-07-04,15,30,F,Emergency Medicine,Trauma / acute illness,2,39,4.8,0
V100313,2026-07-08,9,58,M,General Medicine,Infection / fever,3,4,3.4,0
V100314,2026-08-05,6,33,M,General Medicine,Infection / fever,3,32,9.7,0
V100315,2026-09-06,18,42,F,Cardiology,Cardiovascular,3,16,13.4,0
V100316,2026-09-13,14,53,M,General Medicine,Infection / fever,3,58,4.1,0
V100317,2026-07-26,19,76,F,Orthopaedics,Musculoskeletal,2,6,6.1,0
V100318,2026-07-27,13,73,M,Cardiology,Cardiovascular,2,41,30.0,0
V100319,2026-08-22,6,35,M,Paediatrics,Paediatric illness,5,15,4.4,0
V100320,2026-09-16,19,29,F,Paediatrics,Paediatric illness,4,83,6.0,0
V100321,2026-07-16,12,84,M,General Medicine,Infection / fever,3,8,6.5,0
V100322,2026-09-19,15,33,F,Cardiology,Cardiovascular,3,33,12.9,0
V100323,2026-09-11,10,56,M,Pulmonology,Respiratory,1,4,4.4,0
V100324,2026-07-25,22,16,M,Neurology,Neurological,3,31,13.3,0
V100325,2026-08-30,9,13,M,Orthopaedics,Musculoskeletal,4,34,6.7,0
V100326,2026-08-26,12,46,F,Gastroenterology,Gastrointestinal,3,11,11.5,0
V100327,2026-07-02,14,40,F,Pulmonology,Respiratory,3,10,7.7,0
V100328,2026-08-06,8,64,F,Orthopaedics,Musculoskeletal,4,33,1.3,1
V100329,2026-07-22,15,30,F,Cardiology,Cardiovascular,4,40,1.8,0
V100330,2026-07-07,22,51,F,Gastroenterology,Gastrointestinal,5,13,3.5,0
V100331,2026-08-11,11,62,F,Emergency Medicine,Trauma / acute illness,2,11,13.0,0
V100332,2026-09-02,16,31,M,Orthopaedics,Musculoskeletal,3,30,4.5,0
V100333,2026-08-17,0,38,F,Neurology,Neurological,3,18,4.4,0
V100334,2026-07-08,13,24,F,Emergency Medicine,Trauma / acute illness,3,105,15.9,0
V100335,2026-09-13,12,65,M,Pulmonology,Respiratory,3,77,7.0,0
V100336,2026-07-07,9,58,F,Emergency Medicine,Trauma / acute illness,3,42,3.4,0
V100337,2026-08-04,19,60,M,Orthopaedics,Musculoskeletal,4,93,11.8,0
V100338,2026-08-21,12,39,M,Emergency Medicine,Trauma / acute illness,2,17,22.0,0
V100339,2026-09-22,13,57,M,Paediatrics,Paediatric illness,5,27,2.3,0
V100340,2026-09-06,12,8,F,Emergency Medicine,Trauma / acute illness,2,61,10.8,0
V100341,2026-07-18,4,41,M,Obstetrics & Gynaecology,Obstetric,3,25,13.1,0
V100342,2026-08-08,8,90,M,Gastroenterology,Gastrointestinal,3,26,12.2,1
V100343,2026-09-16,18,44,M,Pulmonology,Respiratory,4,14,1.2,0
V100344,2026-07-23,3,71,M,Gastroenterology,Gastrointestinal,3,50,19.2,0
V100345,2026-09-20,10,40,M,Gastroenterology,Gastrointestinal,5,60,0.5,0
V100346,2026-08-18,11,81,F,Paediatrics,Paediatric illness,3,26,10.8,0
V100347,2026-08-26,23,29,F,Cardiology,Cardiovascular,2,14,3.1,0
V100348,2026-08-29,17,55,M,Pulmonology,Respiratory,4,84,7.3,1
V100349,2026-09-26,11,32,M,Emergency Medicine,Trauma / acute illness,2,17,5.0,1
V100350,2026-08-31,20,50,M,Pulmonology,Respiratory,4,10,2.7,0
V100351,2026-08-06,10,33,F,Emergency Medicine,Trauma / acute illness,3,77,12.6,0
V100352,2026-08-23,19,44,F,Pulmonology,Respiratory,3,78,2.3,0
V100353,2026-09-01,6,36,M,Pulmonology,Respiratory,3,14,4.5,0
V100354,2026-08-23,19,61,M,General Medicine,Infection / fever,3,118,2.4,0
V100355,2026-07-01,11,56,F,General Medicine,Infection / fever,4,34,5.1,0
V100356,2026-09-20,8,31,M,Gastroenterology,Gastrointestinal,5,18,0.8,0
V100357,2026-07-25,12,31,M,Gastroenterology,Gastrointestinal,4,53,6.0,1
V100358,2026-08-28,15,28,M,General Medicine,Infection / fever,4,12,10.9,0
V100359,2026-08-20,11,25,M,Pulmonology,Respiratory,3,15,0.8,0
V100360,2026-07-11,16,63,F,Paediatrics,Paediatric illness,4,45,2.5,0
V100361,2026-09-17,10,27,F,Emergency Medicine,Trauma / acute illness,2,31,3.5,0
V100362,2026-07-08,17,52,F,Emergency Medicine,Trauma / acute illness,2,53,2.5,0
V100363,2026-09-24,16,34,F,Emergency Medicine,Trauma / acute illness,3,12,8.9,0
V100364,2026-09-21,13,70,F,Orthopaedics,Musculoskeletal,4,118,6.6,0
V100365,2026-08-22,11,98,M,General Medicine,Infection / fever,3,24,19.2,0
V100366,2026-09-24,14,7,M,Gastroenterology,Gastrointestinal,5,43,3.9,0
V100367,2026-09-16,16,29,F,Orthopaedics,Musculoskeletal,4,26,4.8,0
V100368,2026-09-19,23,34,F,Cardiology,Cardiovascular,3,8,8.6,0
V100369,2026-09-10,18,40,M,Paediatrics,Paediatric illness,5,40,1.5,0
V100370,2026-09-22,19,39,M,Gastroenterology,Gastrointestinal,2,45,11.7,0
V100371,2026-09-08,23,22,M,Cardiology,Cardiovascular,4,24,1.0,0
V100372,2026-09-18,16,98,F,General Medicine,Infection / fever,3,17,7.4,0
V100373,2026-07-11,16,40,F,Cardiology,Cardiovascular,3,62,9.9,0
V100374,2026-08-08,17,56,M,Emergency Medicine,Trauma / acute illness,2,55,7.9,0
V100375,2026-08-13,8,56,F,Emergency Medicine,Trauma / acute illness,2,18,5.2,0
V100376,2026-09-20,11,19,M,Paediatrics,Paediatric illness,5,52,2.5,1
V100377,2026-08-13,11,37,F,General Medicine,Infection / fever,5,77,1.1,0
V100378,2026-08-09,17,63,F,General Medicine,Infection / fever,4,58,3.8,0
V100379,2026-09-09,13,84,M,Orthopaedics,Musculoskeletal,4,46,9.5,0
V100380,2026-08-28,14,37,M,Pulmonology,Respiratory,3,50,13.0,1
V100381,2026-08-22,19,21,F,Paediatrics,Paediatric illness,5,55,2.7,0
V100382,2026-09-21,18,33,M,Gastroenterology,Gastrointestinal,2,29,3.8,0
V100383,2026-09-12,13,37,M,General Medicine,Infection / fever,4,13,3.5,0
V100384,2026-09-03,10,36,M,General Medicine,Infection / fever,3,15,7.6,0
V100385,2026-09-25,19,28,M,Obstetrics & Gynaecology,Obstetric,2,40,5.0,0
V100386,2026-07-05,18,20,M,Orthopaedics,Musculoskeletal,4,25,14.2,0
V100387,2026-08-19,5,24,M,Obstetrics & Gynaecology,Obstetric,5,41,1.3,0
V100388,2026-07-03,12,33,M,Emergency Medicine,Trauma / acute illness,2,10,9.6,0
V100389,2026-09-10,14,62,M,Neurology,Neurological,4,20,9.1,0
V100390,2026-07-12,18,74,M,Orthopaedics,Musculoskeletal,4,32,13.9,0
V100391,2026-08-20,18,47,M,Emergency Medicine,Trauma / acute illness,2,3,3.7,0
V100392,2026-09-09,15,24,F,Pulmonology,Respiratory,3,16,1.6,0
V100393,2026-08-26,17,34,F,Orthopaedics,Musculoskeletal,2,17,10.9,0
V100394,2026-07-06,14,13,M,Emergency Medicine,Trauma / acute illness,2,32,30.0,0
V100395,2026-08-12,10,84,M,General Medicine,Infection / fever,4,30,2.4,0
V100396,2026-09-09,12,31,F,Neurology,Neurological,3,38,5.4,0
V100397,2026-09-25,14,53,M,Cardiology,Cardiovascular,3,34,8.7,0
V100398,2026-09-19,13,71,F,General Medicine,Infection / fever,4,29,6.2,0
V100399,2026-09-12,4,96,F,General Medicine,Infection / fever,5,18,4.4,0
V100400,2026-07-28,11,66,M,Cardiology,Cardiovascular,3,35,18.4,0
V100401,2026-09-06,14,36,M,Paediatrics,Paediatric illness,5,91,4.6,0
V100402,2026-07-16,12,57,M,Gastroenterology,Gastrointestinal,4,22,3.5,1
V100403,2026-07-30,12,94,M,Emergency Medicine,Trauma / acute illness,4,115,2.4,0
V100404,2026-07-26,16,31,M,Obstetrics & Gynaecology,Obstetric,3,35,14.5,0
V100405,2026-08-13,8,19,M,Paediatrics,Paediatric illness,4,49,3.6,0
V100406,2026-09-17,5,28,M,Cardiology,Cardiovascular,3,31,7.4,1
V100407,2026-09-16,12,55,F,Neurology,Neurological,3,47,12.8,0
V100408,2026-09-19,17,36,F,Emergency Medicine,Trauma / acute illness,4,18,9.5,0
V100409,2026-09-23,22,42,F,Obstetrics & Gynaecology,Obstetric,4,19,8.2,0
V100410,2026-07-03,18,59,F,Orthopaedics,Musculoskeletal,5,9,6.8,0
V100411,2026-09-28,6,27,F,Orthopaedics,Musculoskeletal,3,21,6.8,0
V100412,2026-09-17,12,41,F,Emergency Medicine,Trauma / acute illness,2,43,5.4,0
V100413,2026-09-05,15,33,F,Paediatrics,Paediatric illness,4,31,2.1,0
V100414,2026-07-08,14,92,M,Emergency Medicine,Trauma / acute illness,2,53,6.9,0
V100415,2026-09-04,16,65,F,Cardiology,Cardiovascular,3,24,4.4,0
V100416,2026-08-30,9,36,F,Emergency Medicine,Trauma / acute illness,2,12,11.0,0
V100417,2026-07-09,14,35,F,Gastroenterology,Gastrointestinal,5,27,3.5,0
V100418,2026-07-19,16,97,F,Emergency Medicine,Trauma / acute illness,2,46,4.8,1
V100419,2026-09-06,18,93,M,Paediatrics,Paediatric illness,5,111,5.5,0
V100420,2026-07-16,9,55,M,Orthopaedics,Musculoskeletal,4,91,9.2,0
V100421,2026-08-01,12,43,M,Emergency Medicine,Trauma / acute illness,3,49,10.7,0
V100422,2026-08-24,0,22,M,Emergency Medicine,Trauma / acute illness,3,44,4.8,0
V100423,2026-09-16,10,28,M,Emergency Medicine,Trauma / acute illness,2,8,22.4,0
V100424,2026-07-26,11,21,M,Pulmonology,Respiratory,4,13,4.5,0
V100425,2026-07-02,8,73,F,Gastroenterology,Gastrointestinal,5,15,2.4,0
V100426,2026-09-15,14,22,F,Emergency Medicine,Trauma / acute illness,3,76,2.7,0
V100427,2026-09-23,13,35,M,Neurology,Neurological,4,85,5.2,0
V100428,2026-09-15,2,15,M,Emergency Medicine,Trauma / acute illness,3,93,4.9,0
V100429,2026-08-13,15,18,M,Gastroenterology,Gastrointestinal,4,18,1.4,0
V100430,2026-09-03,9,61,F,Paediatrics,Paediatric illness,4,25,1.0,0
V100431,2026-07-12,16,51,M,Gastroenterology,Gastrointestinal,4,8,5.8,1
V100432,2026-08-27,7,44,M,Orthopaedics,Musculoskeletal,5,9,0.6,0
V100433,2026-08-24,14,35,M,Neurology,Neurological,2,23,0.7,0
V100434,2026-08-27,12,17,M,Emergency Medicine,Trauma / acute illness,3,17,13.9,0
V100435,2026-09-01,15,33,F,Emergency Medicine,Trauma / acute illness,2,15,4.0,1
V100436,2026-09-19,14,40,F,Emergency Medicine,Trauma / acute illness,2,18,12.9,0
V100437,2026-09-09,12,59,F,General Medicine,Infection / fever,5,102,2.5,0
V100438,2026-07-04,6,71,F,Gastroenterology,Gastrointestinal,3,49,5.2,0
V100439,2026-09-02,6,62,M,Orthopaedics,Musculoskeletal,3,11,18.1,0
V100440,2026-09-04,10,51,F,Neurology,Neurological,4,73,7.2,0
V100441,2026-08-19,13,44,F,Emergency Medicine,Trauma / acute illness,1,1,10.6,0
V100442,2026-08-26,10,48,F,Gastroenterology,Gastrointestinal,2,8,4.3,0
V100443,2026-07-08,17,32,M,Emergency Medicine,Trauma / acute illness,3,20,10.2,0
V100444,2026-07-24,12,45,F,Cardiology,Cardiovascular,3,40,11.4,0
V100445,2026-09-16,8,40,F,Orthopaedics,Musculoskeletal,4,13,4.8,0
V100446,2026-07-01,12,98,M,Obstetrics & Gynaecology,Obstetric,3,49,7.7,1
V100447,2026-09-27,15,49,F,Pulmonology,Respiratory,2,18,14.4,0
V100448,2026-07-21,15,12,M,Emergency Medicine,Trauma / acute illness,1,3,10.4,0
V100449,2026-09-09,23,34,F,Pulmonology,Respiratory,3,11,3.6,0
V100450,2026-07-20,10,38,M,Emergency Medicine,Trauma / acute illness,1,2,3.1,0
V100451,2026-07-04,13,66,M,Paediatrics,Paediatric illness,4,18,5.4,0
V100452,2026-08-24,16,52,F,Orthopaedics,Musculoskeletal,3,27,1.8,0
V100453,2026-09-07,13,51,M,Emergency Medicine,Trauma / acute illness,3,103,11.5,0
V100454,2026-07-08,11,80,F,Emergency Medicine,Trauma / acute illness,2,20,9.6,0
V100455,2026-07-25,5,94,F,Emergency Medicine,Trauma / acute illness,2,7,18.2,0
V100456,2026-07-28,11,61,M,Obstetrics & Gynaecology,Obstetric,4,38,5.4,0
V100457,2026-09-25,8,36,M,General Medicine,Infection / fever,4,29,6.5,0
V100458,2026-07-28,5,36,F,Gastroenterology,Gastrointestinal,4,28,2.6,0
V100459,2026-07-06,9,5,M,Orthopaedics,Musculoskeletal,4,39,4.0,0
V100460,2026-09-27,8,75,F,Pulmonology,Respiratory,1,1,14.5,0
V100461,2026-07-09,17,36,F,Emergency Medicine,Trauma / acute illness,3,50,7.3,0
V100462,2026-08-13,17,42,F,Paediatrics,Paediatric illness,4,35,4.7,0
V100463,2026-07-17,9,34,M,Cardiology,Cardiovascular,3,8,2.6,0
V100464,2026-07-23,12,24,M,Pulmonology,Respiratory,2,48,1.5,0
V100465,2026-09-06,4,98,M,Orthopaedics,Musculoskeletal,3,27,3.7,0
V100466,2026-07-13,11,42,M,Orthopaedics,Musculoskeletal,3,48,0.3,0
V100467,2026-08-28,16,86,M,Paediatrics,Paediatric illness,4,13,2.1,0
V100468,2026-08-20,18,37,F,Emergency Medicine,Trauma / acute illness,1,4,14.1,0
V100469,2026-09-04,10,31,F,General Medicine,Infection / fever,3,121,5.4,0
V100470,2026-07-15,19,58,M,General Medicine,Infection / fever,4,12,2.3,0
V100471,2026-08-01,6,71,F,General Medicine,Infection / fever,3,46,6.5,0
V100472,2026-07-01,7,73,F,Emergency Medicine,Trauma / acute illness,1,2,2.6,0
V100473,2026-09-18,17,40,F,Emergency Medicine,Trauma / acute illness,3,32,6.2,0
V100474,2026-09-28,22,61,F,Cardiology,Cardiovascular,4,48,1.3,0
V100475,2026-08-10,16,33,M,Cardiology,Cardiovascular,4,60,10.1,0
V100476,2026-08-17,13,45,M,General Medicine,Infection / fever,5,91,3.3,0
V100477,2026-07-13,2,38,M,Pulmonology,Respiratory,3,9,9.4,0
V100478,2026-09-17,3,35,M,Orthopaedics,Musculoskeletal,4,62,4.8,0
V100479,2026-09-08,14,46,M,General Medicine,Infection / fever,3,41,10.7,0
V100480,2026-07-11,12,24,F,General Medicine,Infection / fever,4,8,4.1,0
V100481,2026-08-17,8,68,M,Emergency Medicine,Trauma / acute illness,2,15,5.6,0
V100482,2026-07-16,14,35,F,Pulmonology,Respiratory,3,37,9.6,0
V100483,2026-08-23,14,66,M,Cardiology,Cardiovascular,3,23,14.4,0
V100484,2026-08-29,18,27,M,Emergency Medicine,Trauma / acute illness,4,33,1.9,0
V100485,2026-08-04,14,35,F,General Medicine,Infection / fever,4,23,1.0,0
V100486,2026-08-09,20,24,M,General Medicine,Infection / fever,5,202,7.3,0
V100487,2026-09-02,14,23,F,Emergency Medicine,Trauma / acute illness,2,44,22.0,0
V100488,2026-07-15,13,29,M,Pulmonology,Respiratory,2,30,8.9,0
V100489,2026-07-04,19,27,F,Pulmonology,Respiratory,4,16,0.4,1
V100490,2026-08-07,8,24,F,Orthopaedics,Musculoskeletal,3,54,8.0,0
V100491,2026-08-14,23,44,M,Orthopaedics,Musculoskeletal,4,38,19.7,0
V100492,2026-07-26,15,58,F,Orthopaedics,Musculoskeletal,2,13,14.1,0
V100493,2026-08-08,15,59,F,Cardiology,Cardiovascular,2,13,13.3,0
V100494,2026-07-10,16,16,M,Gastroenterology,Gastrointestinal,3,29,6.3,0
V100495,2026-09-06,23,38,M,Pulmonology,Respiratory,3,25,9.3,0
V100496,2026-09-07,18,36,F,General Medicine,Infection / fever,4,56,7.0,1
V100497,2026-07-24,5,81,F,Pulmonology,Respiratory,3,23,8.7,0
V100498,2026-08-28,21,38,F,General Medicine,Infection / fever,5,49,1.9,0
V100499,2026-07-22,12,42,F,General Medicine,Infection / fever,5,29,2.5,0
V100500,2026-08-05,14,20,F,Gastroenterology,Gastrointestinal,2,27,9.8,1
V100501,2026-07-29,7,28,F,Paediatrics,Paediatric illness,4,62,0.5,0
V100502,2026-09-26,16,19,M,Paediatrics,Paediatric illness,4,61,17.3,0
V100503,2026-08-13,10,45,M,General Medicine,Infection / fever,4,36,6.7,0
V100504,2026-08-26,14,82,F,General Medicine,Infection / fever,3,40,16.0,0
V100505,2026-07-19,12,29,F,Gastroenterology,Gastrointestinal,4,35,5.5,0
V100506,2026-09-22,23,39,F,Cardiology,Cardiovascular,2,6,5.8,0
V100507,2026-08-31,23,27,F,Neurology,Neurological,3,67,12.7,0
V100508,2026-07-10,14,32,M,General Medicine,Infection / fever,5,20,0.5,0
V100509,2026-07-30,14,46,F,Emergency Medicine,Trauma / acute illness,2,21,13.7,0
V100510,2026-08-15,12,98,M,Emergency Medicine,Trauma / acute illness,1,11,22.2,0
V100511,2026-08-07,19,80,M,Neurology,Neurological,2,12,9.5,0
V100512,2026-09-11,12,91,M,Emergency Medicine,Trauma / acute illness,1,2,17.2,0
V100513,2026-08-20,11,67,M,Cardiology,Cardiovascular,1,6,2.5,0
V100514,2026-08-20,19,38,M,Cardiology,Cardiovascular,3,104,9.9,0
V100515,2026-08-03,11,36,M,Emergency Medicine,Trauma / acute illness,4,51,3.4,0
V100516,2026-09-14,13,29,F,Cardiology,Cardiovascular,3,73,9.6,0
V100517,2026-09-02,5,9,M,Gastroenterology,Gastrointestinal,4,23,4.3,0
V100518,2026-09-02,17,38,F,Emergency Medicine,Trauma / acute illness,1,0,10.7,0
V100519,2026-08-29,23,82,F,Neurology,Neurological,3,51,11.0,0
V100520,2026-08-29,17,82,M,Neurology,Neurological,3,32,6.4,0
V100521,2026-09-07,21,98,M,General Medicine,Infection / fever,3,19,7.4,0
V100522,2026-07-22,9,47,F,Emergency Medicine,Trauma / acute illness,3,17,22.4,0
V100523,2026-08-17,15,22,M,Pulmonology,Respiratory,3,52,15.5,0
V100524,2026-07-12,9,56,F,Emergency Medicine,Trauma / acute illness,2,33,7.5,0
V100525,2026-08-03,12,98,M,General Medicine,Infection / fever,4,37,5.6,0
V100526,2026-07-27,18,88,M,Obstetrics & Gynaecology,Obstetric,4,50,3.9,0
V100527,2026-07-19,14,34,F,Obstetrics & Gynaecology,Obstetric,4,15,3.4,1
V100528,2026-08-19,6,23,F,Gastroenterology,Gastrointestinal,3,21,5.3,1
V100529,2026-08-09,7,23,M,Cardiology,Cardiovascular,3,10,7.3,0
V100530,2026-08-10,6,30,F,Orthopaedics,Musculoskeletal,5,12,0.3,0
V100531,2026-09-17,16,32,M,Orthopaedics,Musculoskeletal,3,41,4.9,0
V100532,2026-08-02,23,37,F,General Medicine,Infection / fever,4,28,2.9,0
V100533,2026-07-11,21,59,F,Orthopaedics,Musculoskeletal,3,17,16.9,0
V100534,2026-09-10,4,36,M,Emergency Medicine,Trauma / acute illness,3,20,6.5,0
V100535,2026-07-20,21,44,M,Emergency Medicine,Trauma / acute illness,2,28,10.7,0
V100536,2026-09-26,18,18,F,General Medicine,Infection / fever,3,52,4.8,0
V100537,2026-08-29,5,29,M,Emergency Medicine,Trauma / acute illness,4,39,4.4,1
V100538,2026-07-24,12,28,F,Emergency Medicine,Trauma / acute illness,1,1,8.4,0
V100539,2026-08-21,19,16,F,Neurology,Neurological,3,3,7.4,0
V100540,2026-09-22,16,36,M,Obstetrics & Gynaecology,Obstetric,5,22,3.2,0
V100541,2026-09-21,7,18,M,Pulmonology,Respiratory,4,3,1.4,0
V100542,2026-08-05,17,34,M,Neurology,Neurological,2,74,14.1,0
V100543,2026-07-03,2,46,M,Obstetrics & Gynaecology,Obstetric,3,19,3.0,0
V100544,2026-07-08,12,83,M,Emergency Medicine,Trauma / acute illness,1,1,30.0,1
V100545,2026-09-18,19,27,F,General Medicine,Infection / fever,4,29,4.8,0
V100546,2026-08-29,14,45,M,General Medicine,Infection / fever,4,6,5.3,0
V100547,2026-09-04,11,31,F,Emergency Medicine,Trauma / acute illness,1,1,13.6,0
V100548,2026-09-03,18,18,M,Gastroenterology,Gastrointestinal,3,24,6.9,0
V100549,2026-09-08,19,84,M,General Medicine,Infection / fever,3,21,5.0,1
V100550,2026-08-15,20,47,M,General Medicine,Infection / fever,4,27,5.3,0
V100551,2026-08-04,18,54,F,Emergency Medicine,Trauma / acute illness,4,50,5.1,0
V100552,2026-07-22,19,90,F,Emergency Medicine,Trauma / acute illness,1,5,6.9,0
V100553,2026-07-28,17,34,F,Paediatrics,Paediatric illness,3,35,2.1,0
V100554,2026-09-06,15,21,M,Emergency Medicine,Trauma / acute illness,1,5,21.1,0
V100555,2026-07-02,14,27,F,Emergency Medicine,Trauma / acute illness,3,22,4.9,0
V100556,2026-07-14,12,20,F,Cardiology,Cardiovascular,3,69,5.9,0
V100557,2026-09-09,7,73,M,General Medicine,Infection / fever,3,26,8.9,0
V100558,2026-08-28,9,98,F,Pulmonology,Respiratory,2,38,6.1,1
V100559,2026-07-15,12,46,F,General Medicine,Infection / fever,3,22,8.5,1
V100560,2026-07-04,15,60,M,Emergency Medicine,Trauma / acute illness,3,35,6.1,0
V100561,2026-07-21,21,68,F,Cardiology,Cardiovascular,5,104,3.4,0
V100562,2026-07-11,13,93,F,Neurology,Neurological,3,34,15.6,0
V100563,2026-07-25,19,98,F,Orthopaedics,Musculoskeletal,3,61,8.6,0
V100564,2026-09-13,19,14,M,Orthopaedics,Musculoskeletal,3,66,5.7,0
V100565,2026-09-17,12,31,M,Orthopaedics,Musculoskeletal,3,49,2.8,0
V100566,2026-07-26,17,43,F,Gastroenterology,Gastrointestinal,5,69,2.7,0
V100567,2026-07-26,12,29,M,Emergency Medicine,Trauma / acute illness,3,22,12.3,0
V100568,2026-09-13,20,37,F,General Medicine,Infection / fever,3,17,5.8,0
V100569,2026-08-08,17,53,M,Pulmonology,Respiratory,4,16,8.1,0
V100570,2026-07-20,7,11,F,Cardiology,Cardiovascular,3,32,8.2,0
V100571,2026-09-06,14,52,M,Neurology,Neurological,4,38,4.7,0
V100572,2026-08-14,22,67,M,General Medicine,Infection / fever,4,34,7.2,0
V100573,2026-09-19,13,44,M,Gastroenterology,Gastrointestinal,4,13,1.5,0
V100574,2026-09-17,16,10,F,Neurology,Neurological,2,17,6.7,0
V100575,2026-09-10,16,36,M,General Medicine,Infection / fever,4,67,3.4,0
V100576,2026-09-26,8,50,F,Paediatrics,Paediatric illness,5,35,2.0,0
V100577,2026-08-18,16,69,M,Pulmonology,Respiratory,3,36,21.7,0
V100578,2026-08-19,6,64,M,Neurology,Neurological,3,21,7.2,0
V100579,2026-07-01,10,41,M,Cardiology,Cardiovascular,2,16,2.5,0
V100580,2026-07-16,19,30,M,General Medicine,Infection / fever,5,89,1.4,0
V100581,2026-07-15,15,42,M,Pulmonology,Respiratory,4,88,4.4,0
V100582,2026-09-21,12,16,M,Emergency Medicine,Trauma / acute illness,1,3,12.4,0
V100583,2026-07-23,16,32,F,General Medicine,Infection / fever,4,34,0.3,0
V100584,2026-08-25,13,75,F,Paediatrics,Paediatric illness,4,93,7.5,0
V100585,2026-08-07,14,42,M,Orthopaedics,Musculoskeletal,3,20,9.8,0
V100586,2026-09-07,17,51,M,Emergency Medicine,Trauma / acute illness,2,20,3.6,0
V100587,2026-08-02,10,20,M,Cardiology,Cardiovascular,3,58,12.0,1
V100588,2026-09-23,14,69,M,Emergency Medicine,Trauma / acute illness,4,26,5.0,0
V100589,2026-08-16,12,40,M,Emergency Medicine,Trauma / acute illness,2,29,4.2,0
V100590,2026-07-22,5,50,F,Paediatrics,Paediatric illness,4,4,1.7,0
V100591,2026-08-07,9,56,F,General Medicine,Infection / fever,4,67,6.2,0
V100592,2026-08-02,22,68,M,Cardiology,Cardiovascular,2,36,7.0,0
V100593,2026-09-04,16,47,F,Pulmonology,Respiratory,3,68,8.0,0
V100594,2026-07-30,7,40,F,Emergency Medicine,Trauma / acute illness,2,10,3.3,0
V100595,2026-07-05,5,22,M,Cardiology,Cardiovascular,3,67,5.2,1
V100596,2026-09-09,13,19,F,Orthopaedics,Musculoskeletal,2,27,11.9,0
V100597,2026-09-28,22,46,F,Orthopaedics,Musculoskeletal,4,60,9.4,0
V100598,2026-07-23,13,51,M,Obstetrics & Gynaecology,Obstetric,5,53,5.0,0
V100599,2026-09-14,20,55,F,Pulmonology,Respiratory,3,57,13.9,0
V100600,2026-07-04,15,27,M,General Medicine,Infection / fever,5,56,10.2,0
V100601,2026-07-31,16,32,M,Gastroenterology,Gastrointestinal,4,26,5.4,0
V100602,2026-07-02,7,46,M,Paediatrics,Paediatric illness,4,7,1.6,0
V100603,2026-08-05,18,34,M,Orthopaedics,Musculoskeletal,3,75,4.2,0
V100604,2026-08-24,12,98,F,Obstetrics & Gynaecology,Obstetric,3,2,16.0,0
V100605,2026-09-25,18,32,F,Gastroenterology,Gastrointestinal,3,61,3.7,0
V100606,2026-09-14,9,52,M,Neurology,Neurological,3,56,0.3,0
V100607,2026-09-23,14,63,M,Emergency Medicine,Trauma / acute illness,3,10,5.4,0
V100608,2026-08-28,15,65,F,Gastroenterology,Gastrointestinal,5,30,4.0,0
V100609,2026-08-05,13,34,F,General Medicine,Infection / fever,4,10,2.7,0
V100610,2026-09-20,16,56,F,Pulmonology,Respiratory,3,20,15.3,0
V100611,2026-07-06,12,53,F,Orthopaedics,Musculoskeletal,3,67,21.9,0
V100612,2026-09-12,10,57,F,Obstetrics & Gynaecology,Obstetric,4,63,5.3,0
V100613,2026-09-27,22,46,M,Obstetrics & Gynaecology,Obstetric,5,47,8.1,0
V100614,2026-07-02,19,64,M,Cardiology,Cardiovascular,3,24,18.3,0
V100615,2026-08-28,10,48,M,Gastroenterology,Gastrointestinal,4,3,8.1,0
V100616,2026-09-17,16,21,F,Gastroenterology,Gastrointestinal,4,13,5.8,0
V100617,2026-09-01,10,47,F,Cardiology,Cardiovascular,4,31,5.5,0
V100618,2026-09-26,7,50,F,Emergency Medicine,Trauma / acute illness,1,1,10.4,0
V100619,2026-07-25,19,62,M,Emergency Medicine,Trauma / acute illness,4,69,6.7,0
V100620,2026-08-27,5,46,M,Gastroenterology,Gastrointestinal,3,69,0.9,0
V100621,2026-09-12,18,94,F,General Medicine,Infection / fever,4,47,13.8,0
V100622,2026-07-07,12,41,M,Obstetrics & Gynaecology,Obstetric,4,11,16.5,0
V100623,2026-08-20,12,33,M,General Medicine,Infection / fever,4,87,0.5,0
V100624,2026-09-25,16,80,F,Obstetrics & Gynaecology,Obstetric,3,36,12.8,0
V100625,2026-08-12,17,40,M,General Medicine,Infection / fever,4,37,11.9,0
V100626,2026-09-12,9,44,F,Gastroenterology,Gastrointestinal,4,40,4.9,0
V100627,2026-09-05,17,50,M,Emergency Medicine,Trauma / acute illness,3,12,6.0,0
V100628,2026-07-25,14,48,M,Pulmonology,Respiratory,5,30,1.7,0
V100629,2026-08-03,7,57,F,Gastroenterology,Gastrointestinal,4,26,2.9,0
V100630,2026-08-14,13,60,F,Paediatrics,Paediatric illness,5,50,2.8,0
V100631,2026-08-08,21,31,M,Neurology,Neurological,3,31,15.2,0
V100632,2026-08-23,22,23,M,Emergency Medicine,Trauma / acute illness,3,36,1.0,0
V100633,2026-08-28,17,25,M,General Medicine,Infection / fever,4,23,1.9,0
V100634,2026-08-07,7,76,F,Emergency Medicine,Trauma / acute illness,2,4,6.6,0
V100635,2026-08-27,16,39,M,Emergency Medicine,Trauma / acute illness,3,28,1.6,0
V100636,2026-08-29,18,63,F,Orthopaedics,Musculoskeletal,4,34,7.2,0
V100637,2026-09-26,17,61,F,Orthopaedics,Musculoskeletal,4,7,6.5,0
V100638,2026-09-12,18,44,F,Gastroenterology,Gastrointestinal,4,22,8.4,0
V100639,2026-08-20,15,27,M,Neurology,Neurological,4,42,0.4,0
V100640,2026-07-16,13,61,M,Gastroenterology,Gastrointestinal,4,25,7.7,0
V100641,2026-07-29,10,43,F,Gastroenterology,Gastrointestinal,1,3,25.3,0
V100642,2026-07-30,4,22,M,Emergency Medicine,Trauma / acute illness,4,18,7.3,0
V100643,2026-07-26,15,34,M,Emergency Medicine,Trauma / acute illness,2,44,9.3,0
V100644,2026-09-24,14,18,F,Pulmonology,Respiratory,3,15,6.2,0
V100645,2026-08-18,16,35,F,Neurology,Neurological,2,29,12.1,0
V100646,2026-09-28,7,45,F,Emergency Medicine,Trauma / acute illness,2,22,11.1,0
V100647,2026-07-11,17,41,F,General Medicine,Infection / fever,3,60,4.1,0
V100648,2026-09-03,23,39,F,Orthopaedics,Musculoskeletal,3,19,0.7,1
V100649,2026-08-22,14,45,M,Emergency Medicine,Trauma / acute illness,2,81,6.2,0
V100650,2026-09-07,13,55,F,General Medicine,Infection / fever,4,101,15.2,0
V100651,2026-08-05,15,66,M,Paediatrics,Paediatric illness,5,20,1.5,1
V100652,2026-08-16,23,70,M,Orthopaedics,Musculoskeletal,5,30,3.9,0
V100653,2026-08-01,8,29,F,Emergency Medicine,Trauma / acute illness,4,9,12.9,0
V100654,2026-09-01,15,73,F,Neurology,Neurological,2,40,18.4,0
V100655,2026-07-18,9,43,F,Cardiology,Cardiovascular,3,16,14.3,0
V100656,2026-08-29,11,37,M,Neurology,Neurological,3,36,13.2,0
V100657,2026-08-14,13,25,F,Cardiology,Cardiovascular,2,24,2.2,0
V100658,2026-09-10,21,9,M,Pulmonology,Respiratory,3,117,17.0,0
V100659,2026-07-04,23,53,M,General Medicine,Infection / fever,5,27,6.2,0
V100660,2026-07-17,16,52,M,Cardiology,Cardiovascular,4,31,1.5,0
V100661,2026-08-24,12,33,M,Paediatrics,Paediatric illness,4,70,3.3,0
V100662,2026-08-03,23,33,M,Emergency Medicine,Trauma / acute illness,1,4,12.5,0
V100663,2026-07-26,11,40,M,Emergency Medicine,Trauma / acute illness,2,34,6.7,0
V100664,2026-09-22,11,36,M,Cardiology,Cardiovascular,2,61,5.1,0
V100665,2026-09-20,4,29,F,Orthopaedics,Musculoskeletal,4,118,2.6,1
V100666,2026-07-09,21,24,M,Gastroenterology,Gastrointestinal,4,22,7.7,0
V100667,2026-08-17,19,74,M,Obstetrics & Gynaecology,Obstetric,3,12,15.2,0
V100668,2026-08-30,23,34,M,Cardiology,Cardiovascular,3,32,3.9,0
V100669,2026-09-09,6,52,M,General Medicine,Infection / fever,4,54,9.3,0
V100670,2026-07-19,21,57,F,Emergency Medicine,Trauma / acute illness,3,65,5.0,0
V100671,2026-09-15,14,54,M,Pulmonology,Respiratory,2,43,3.2,0
V100672,2026-08-28,18,59,M,Obstetrics & Gynaecology,Obstetric,4,38,5.9,0
V100673,2026-09-18,5,53,M,Orthopaedics,Musculoskeletal,4,15,4.8,0
V100674,2026-08-31,21,31,F,Pulmonology,Respiratory,5,70,3.1,1
V100675,2026-09-17,18,37,F,General Medicine,Infection / fever,4,46,6.0,1
V100676,2026-07-03,13,73,F,Paediatrics,Paediatric illness,4,8,6.8,0
V100677,2026-07-21,17,34,F,General Medicine,Infection / fever,5,141,2.2,0
V100678,2026-08-17,10,43,M,Emergency Medicine,Trauma / acute illness,2,11,18.3,0
V100679,2026-07-28,10,55,F,General Medicine,Infection / fever,5,83,3.7,0
V100680,2026-07-18,11,85,M,Emergency Medicine,Trauma / acute illness,3,38,6.4,0
V100681,2026-09-02,4,70,M,Emergency Medicine,Trauma / acute illness,4,6,4.6,0
V100682,2026-09-28,18,27,M,Emergency Medicine,Trauma / acute illness,3,31,1.5,0
V100683,2026-08-18,20,52,M,General Medicine,Infection / fever,5,32,0.6,0
V100684,2026-08-24,10,49,M,Orthopaedics,Musculoskeletal,3,9,6.2,0
V100685,2026-08-24,15,37,F,Cardiology,Cardiovascular,5,57,4.2,1
V100686,2026-08-07,12,44,F,General Medicine,Infection / fever,5,75,1.1,0
V100687,2026-08-30,15,31,M,Obstetrics & Gynaecology,Obstetric,5,40,3.8,1
V100688,2026-09-11,10,40,F,Gastroenterology,Gastrointestinal,4,29,5.4,0
V100689,2026-07-11,9,34,F,Pulmonology,Respiratory,4,40,2.4,0
V100690,2026-07-25,19,46,M,Cardiology,Cardiovascular,4,2,4.9,0
V100691,2026-07-16,13,37,M,Paediatrics,Paediatric illness,3,23,7.2,0
V100692,2026-09-10,23,88,F,Emergency Medicine,Trauma / acute illness,2,16,6.1,1
V100693,2026-08-27,14,46,M,Cardiology,Cardiovascular,1,2,18.0,0
V100694,2026-08-30,9,42,F,Paediatrics,Paediatric illness,4,7,8.9,0
V100695,2026-08-26,20,39,F,General Medicine,Infection / fever,3,5,5.5,0
V100696,2026-08-17,17,37,F,Gastroenterology,Gastrointestinal,4,16,1.7,0
V100697,2026-09-12,17,23,F,Pulmonology,Respiratory,5,56,4.6,0
V100698,2026-07-15,20,63,F,Orthopaedics,Musculoskeletal,5,30,0.6,0
V100699,2026-09-01,10,80,M,Cardiology,Cardiovascular,1,1,15.7,1
V100700,2026-09-14,13,33,F,Cardiology,Cardiovascular,3,101,3.4,0
V100701,2026-07-19,13,72,F,Cardiology,Cardiovascular,3,25,3.6,0
V100702,2026-09-02,7,98,F,Emergency Medicine,Trauma / acute illness,2,21,7.3,0
V100703,2026-07-07,12,98,F,Paediatrics,Paediatric illness,4,84,6.0,0
V100704,2026-07-15,20,78,M,Cardiology,Cardiovascular,3,37,4.1,0
V100705,2026-08-05,15,24,F,Pulmonology,Respiratory,2,42,2.7,0
V100706,2026-09-28,7,24,M,Gastroenterology,Gastrointestinal,3,13,1.2,1
V100707,2026-08-03,5,59,F,Gastroenterology,Gastrointestinal,4,29,12.9,0
V100708,2026-08-08,22,44,F,General Medicine,Infection / fever,4,78,6.1,0
V100709,2026-09-08,13,14,M,General Medicine,Infection / fever,3,44,3.6,0
V100710,2026-09-10,10,35,M,Obstetrics & Gynaecology,Obstetric,3,39,9.5,0
V100711,2026-08-30,12,57,M,Orthopaedics,Musculoskeletal,4,31,4.8,0
V100712,2026-07-03,6,40,F,Neurology,Neurological,4,9,7.7,0
V100713,2026-09-17,21,44,F,Paediatrics,Paediatric illness,4,58,3.9,0
V100714,2026-07-24,11,24,M,Gastroenterology,Gastrointestinal,5,39,4.4,0
V100715,2026-08-15,21,35,M,Emergency Medicine,Trauma / acute illness,2,12,5.4,0
V100716,2026-09-04,14,59,F,Pulmonology,Respiratory,3,10,8.1,0
V100717,2026-07-26,21,34,M,Emergency Medicine,Trauma / acute illness,2,26,16.7,0
V100718,2026-08-31,15,75,F,Orthopaedics,Musculoskeletal,4,14,6.8,0
V100719,2026-08-15,18,44,M,Obstetrics & Gynaecology,Obstetric,3,70,23.3,0
V100720,2026-07-15,17,53,F,General Medicine,Infection / fever,5,25,3.8,0
V100721,2026-07-20,17,58,F,General Medicine,Infection / fever,2,31,12.6,0
V100722,2026-09-07,15,57,M,Emergency Medicine,Trauma / acute illness,4,48,3.5,1
V100723,2026-07-06,12,26,M,Obstetrics & Gynaecology,Obstetric,4,45,5.5,0
V100724,2026-08-04,23,29,M,Emergency Medicine,Trauma / acute illness,3,45,15.7,0
V100725,2026-08-14,9,14,M,Emergency Medicine,Trauma / acute illness,4,18,3.1,0
V100726,2026-08-04,14,37,M,Cardiology,Cardiovascular,4,37,2.2,0
V100727,2026-08-07,14,28,F,Emergency Medicine,Trauma / acute illness,2,43,6.3,0
V100728,2026-09-26,16,34,F,General Medicine,Infection / fever,4,98,3.0,0
V100729,2026-07-03,11,39,M,General Medicine,Infection / fever,5,72,3.5,0
V100730,2026-09-27,15,47,F,Cardiology,Cardiovascular,2,56,28.7,0
V100731,2026-09-03,13,41,F,Emergency Medicine,Trauma / acute illness,4,29,1.2,0
V100732,2026-09-21,5,40,F,Emergency Medicine,Trauma / acute illness,3,32,7.3,0
V100733,2026-08-27,14,51,M,General Medicine,Infection / fever,4,89,1.9,0
V100734,2026-09-23,8,43,F,Emergency Medicine,Trauma / acute illness,2,21,11.9,0
V100735,2026-07-07,4,65,M,Orthopaedics,Musculoskeletal,4,36,6.5,0
V100736,2026-09-03,14,43,M,Emergency Medicine,Trauma / acute illness,1,1,7.6,0
V100737,2026-09-02,16,86,F,Cardiology,Cardiovascular,2,46,15.3,0
V100738,2026-09-22,16,26,F,General Medicine,Infection / fever,4,44,2.6,0
V100739,2026-07-08,16,37,M,General Medicine,Infection / fever,3,50,3.9,0
V100740,2026-08-15,3,31,M,Emergency Medicine,Trauma / acute illness,3,20,3.4,1
V100741,2026-08-16,6,48,M,Emergency Medicine,Trauma / acute illness,2,4,6.4,1
V100742,2026-07-09,23,26,F,Neurology,Neurological,2,35,9.0,0
V100743,2026-08-26,8,66,M,Emergency Medicine,Trauma / acute illness,2,12,9.5,0
V100744,2026-08-13,17,20,M,General Medicine,Infection / fever,4,10,5.2,0
V100745,2026-08-14,10,28,F,General Medicine,Infection / fever,4,42,6.8,0
V100746,2026-08-31,14,21,M,Cardiology,Cardiovascular,2,83,10.5,0
V100747,2026-09-06,10,39,F,General Medicine,Infection / fever,4,19,12.7,0
V100748,2026-08-29,16,47,M,Gastroenterology,Gastrointestinal,4,22,4.8,0
V100749,2026-08-04,14,18,M,Neurology,Neurological,2,49,15.8,0
V100750,2026-09-25,11,36,F,Cardiology,Cardiovascular,3,28,1.5,0
V100751,2026-07-20,8,69,F,Cardiology,Cardiovascular,3,40,9.0,0
V100752,2026-07-31,15,79,F,Cardiology,Cardiovascular,3,27,7.4,0
V100753,2026-08-13,7,61,M,General Medicine,Infection / fever,4,20,3.8,0
V100754,2026-07-29,16,11,M,Orthopaedics,Musculoskeletal,5,22,5.2,0
V100755,2026-07-31,23,45,F,Emergency Medicine,Trauma / acute illness,2,27,30.0,0
V100756,2026-09-22,21,73,M,Cardiology,Cardiovascular,2,11,14.9,0
V100757,2026-07-14,17,34,F,Paediatrics,Paediatric illness,4,26,0.8,0
V100758,2026-08-16,13,23,F,Emergency Medicine,Trauma / acute illness,4,78,2.9,0
V100759,2026-08-12,3,71,F,General Medicine,Infection / fever,4,101,2.4,0
V100760,2026-07-08,7,76,M,Orthopaedics,Musculoskeletal,3,33,8.8,0
V100761,2026-07-19,20,43,M,Emergency Medicine,Trauma / acute illness,4,80,6.2,0
V100762,2026-07-25,9,23,M,Emergency Medicine,Trauma / acute illness,2,16,1.8,0
V100763,2026-08-12,10,17,M,Emergency Medicine,Trauma / acute illness,5,35,5.8,0
V100764,2026-08-07,13,50,F,Paediatrics,Paediatric illness,3,38,2.4,0
V100765,2026-08-23,8,31,F,Emergency Medicine,Trauma / acute illness,2,12,12.0,0
V100766,2026-08-03,7,41,M,Emergency Medicine,Trauma / acute illness,2,15,22.8,0
V100767,2026-09-09,13,39,F,Emergency Medicine,Trauma / acute illness,2,46,10.3,0
V100768,2026-08-03,9,27,M,Emergency Medicine,Trauma / acute illness,2,22,5.0,0
V100769,2026-09-15,10,17,F,Pulmonology,Respiratory,5,37,1.2,0
V100770,2026-09-28,9,34,F,Cardiology,Cardiovascular,3,21,7.9,1
V100771,2026-08-30,16,46,F,Pulmonology,Respiratory,4,16,7.9,0
V100772,2026-07-10,12,47,F,Pulmonology,Respiratory,3,37,8.8,0
V100773,2026-09-19,13,30,M,Neurology,Neurological,2,17,4.6,0
V100774,2026-09-12,17,75,F,Emergency Medicine,Trauma / acute illness,3,8,7.2,0
V100775,2026-08-20,13,24,M,Neurology,Neurological,1,1,5.1,0
V100776,2026-07-31,12,9,F,Pulmonology,Respiratory,2,26,4.1,0
V100777,2026-09-02,16,67,M,Emergency Medicine,Trauma / acute illness,2,44,5.1,0
V100778,2026-08-25,17,45,M,Gastroenterology,Gastrointestinal,5,74,1.7,0
V100779,2026-09-08,13,35,F,Neurology,Neurological,3,10,6.5,0
V100780,2026-08-28,14,53,F,Cardiology,Cardiovascular,3,47,7.1,0
V100781,2026-09-13,9,38,F,Paediatrics,Paediatric illness,4,82,5.6,0
V100782,2026-09-26,9,20,M,General Medicine,Infection / fever,5,57,1.2,0
V100783,2026-09-06,17,23,F,Pulmonology,Respiratory,2,32,8.9,0
V100784,2026-07-29,16,37,F,Obstetrics & Gynaecology,Obstetric,5,48,2.4,0
V100785,2026-09-20,16,32,M,General Medicine,Infection / fever,4,40,9.7,0
V100786,2026-09-13,15,66,M,Neurology,Neurological,4,25,2.1,0
V100787,2026-08-12,14,32,F,Cardiology,Cardiovascular,2,55,2.5,0
V100788,2026-07-06,17,31,F,Gastroenterology,Gastrointestinal,4,17,6.6,0
V100789,2026-09-24,18,29,M,Pulmonology,Respiratory,3,38,10.6,0
V100790,2026-08-18,18,27,F,Emergency Medicine,Trauma / acute illness,2,7,13.2,0
V100791,2026-08-06,13,28,M,General Medicine,Infection / fever,3,67,9.8,0
V100792,2026-08-24,21,21,F,Cardiology,Cardiovascular,2,24,2.1,0
V100793,2026-07-07,15,46,M,Emergency Medicine,Trauma / acute illness,3,9,21.6,0
V100794,2026-09-13,17,40,M,Emergency Medicine,Trauma / acute illness,2,72,17.9,0
V100795,2026-07-17,15,39,M,Cardiology,Cardiovascular,3,31,1.6,0
V100796,2026-07-24,15,18,M,Emergency Medicine,Trauma / acute illness,1,1,9.0,0
V100797,2026-08-20,10,51,M,Emergency Medicine,Trauma / acute illness,2,91,6.9,0
V100798,2026-08-29,17,54,M,Orthopaedics,Musculoskeletal,5,34,2.1,0
V100799,2026-07-02,23,84,M,Orthopaedics,Musculoskeletal,4,15,4.3,1
V100800,2026-08-22,12,52,M,Gastroenterology,Gastrointestinal,4,44,1.7,0
V100801,2026-07-15,14,92,F,Cardiology,Cardiovascular,3,12,8.6,1
V100802,2026-09-24,11,30,M,Paediatrics,Paediatric illness,3,22,15.2,0
V100803,2026-08-03,11,86,M,Pulmonology,Respiratory,4,85,4.2,0
V100804,2026-08-14,22,53,M,Emergency Medicine,Trauma / acute illness,4,23,5.6,0
V100805,2026-08-26,10,50,M,Emergency Medicine,Trauma / acute illness,3,45,6.3,0
V100806,2026-07-15,11,38,M,Orthopaedics,Musculoskeletal,5,98,3.3,0
V100807,2026-07-15,5,35,M,Emergency Medicine,Trauma / acute illness,2,18,7.9,0
V100808,2026-09-25,10,31,M,General Medicine,Infection / fever,3,17,4.0,0
V100809,2026-08-21,5,87,M,Obstetrics & Gynaecology,Obstetric,3,38,6.0,0
V100810,2026-07-21,17,38,F,Emergency Medicine,Trauma / acute illness,2,9,19.7,0
V100811,2026-08-29,23,54,F,Emergency Medicine,Trauma / acute illness,5,14,2.3,0
V100812,2026-09-19,12,59,M,Obstetrics & Gynaecology,Obstetric,4,10,4.5,0
V100813,2026-09-07,5,59,F,Pulmonology,Respiratory,3,55,14.5,0
V100814,2026-08-06,18,46,M,Emergency Medicine,Trauma / acute illness,2,30,21.8,0
V100815,2026-08-29,10,85,M,Paediatrics,Paediatric illness,4,59,1.6,0
V100816,2026-09-19,20,52,F,Paediatrics,Paediatric illness,5,20,0.6,0
V100817,2026-07-23,12,31,M,Pulmonology,Respiratory,3,44,11.7,0
V100818,2026-09-10,10,35,M,Pulmonology,Respiratory,2,39,9.6,1
V100819,2026-09-28,13,18,M,Cardiology,Cardiovascular,2,91,21.8,0
V100820,2026-08-01,17,49,F,Emergency Medicine,Trauma / acute illness,4,55,1.0,0
V100821,2026-09-18,12,56,F,Pulmonology,Respiratory,4,67,5.3,0
V100822,2026-07-02,11,58,M,Cardiology,Cardiovascular,3,37,10.2,0
V100823,2026-08-03,12,53,M,Orthopaedics,Musculoskeletal,5,2,1.8,0
V100824,2026-07-25,7,39,M,Neurology,Neurological,5,38,3.8,0
V100825,2026-07-03,16,42,M,Emergency Medicine,Trauma / acute illness,2,25,15.8,0
V100826,2026-08-24,4,42,F,Pulmonology,Respiratory,3,21,6.4,0
V100827,2026-08-17,11,66,F,Emergency Medicine,Trauma / acute illness,2,20,9.3,0
V100828,2026-08-04,17,14,M,Paediatrics,Paediatric illness,4,31,8.5,0
V100829,2026-09-16,15,33,F,Cardiology,Cardiovascular,2,17,10.5,0
V100830,2026-07-23,17,25,M,Pulmonology,Respiratory,2,49,13.0,1
V100831,2026-09-12,13,98,M,Pulmonology,Respiratory,1,1,14.2,0
V100832,2026-08-27,20,72,M,General Medicine,Infection / fever,4,107,6.2,0
V100833,2026-09-19,18,34,M,Orthopaedics,Musculoskeletal,2,46,8.0,0
V100834,2026-07-01,16,20,F,Orthopaedics,Musculoskeletal,5,82,3.4,0
V100835,2026-09-26,18,23,F,Pulmonology,Respiratory,3,15,3.4,0
V100836,2026-07-01,17,66,M,Gastroenterology,Gastrointestinal,5,27,1.7,0
V100837,2026-09-03,11,18,M,Obstetrics & Gynaecology,Obstetric,4,40,4.5,0
V100838,2026-09-06,7,42,M,General Medicine,Infection / fever,2,22,22.1,0
V100839,2026-07-15,16,61,F,General Medicine,Infection / fever,5,66,2.6,0
V100840,2026-07-04,16,22,M,Emergency Medicine,Trauma / acute illness,4,37,3.7,0
V100841,2026-07-04,19,42,F,Gastroenterology,Gastrointestinal,3,99,5.1,0
V100842,2026-07-12,9,34,F,General Medicine,Infection / fever,4,13,3.2,0
V100843,2026-07-14,9,32,M,General Medicine,Infection / fever,3,10,0.3,0
V100844,2026-09-26,16,29,F,Emergency Medicine,Trauma / acute illness,2,18,20.0,0
V100845,2026-07-19,13,63,F,Paediatrics,Paediatric illness,4,32,2.9,0
V100846,2026-09-11,4,80,F,General Medicine,Infection / fever,3,51,8.1,1
V100847,2026-07-06,15,37,M,Orthopaedics,Musculoskeletal,2,38,7.1,0
V100848,2026-08-28,4,50,F,Emergency Medicine,Trauma / acute illness,2,2,5.1,0
V100849,2026-08-10,9,43,F,Obstetrics & Gynaecology,Obstetric,5,3,5.2,0
V100850,2026-08-18,21,15,F,Emergency Medicine,Trauma / acute illness,2,19,3.5,0
V100851,2026-09-09,23,36,M,Emergency Medicine,Trauma / acute illness,2,15,13.9,0
V100852,2026-07-19,7,14,F,Neurology,Neurological,2,20,2.3,0
V100853,2026-07-01,12,33,M,Paediatrics,Paediatric illness,3,28,6.1,0
V100854,2026-07-20,14,42,M,Emergency Medicine,Trauma / acute illness,4,101,9.4,0
V100855,2026-09-11,23,59,M,General Medicine,Infection / fever,3,46,4.6,0
V100856,2026-08-23,11,48,F,Gastroenterology,Gastrointestinal,5,27,3.3,0
V100857,2026-09-22,11,64,M,Paediatrics,Paediatric illness,4,37,3.0,0
V100858,2026-09-14,22,27,F,General Medicine,Infection / fever,4,22,3.5,0
V100859,2026-07-14,12,75,F,General Medicine,Infection / fever,3,5,12.6,0
V100860,2026-07-06,17,80,M,Gastroenterology,Gastrointestinal,3,23,11.1,0
V100861,2026-07-02,6,13,F,Gastroenterology,Gastrointestinal,4,19,11.1,0
V100862,2026-07-18,13,17,F,Gastroenterology,Gastrointestinal,3,19,4.6,0
V100863,2026-08-13,5,41,F,Pulmonology,Respiratory,4,19,5.8,0
V100864,2026-07-02,8,32,F,Emergency Medicine,Trauma / acute illness,3,20,7.1,0
V100865,2026-09-17,18,34,F,Paediatrics,Paediatric illness,5,57,2.9,0
V100866,2026-08-13,13,48,F,Neurology,Neurological,3,20,13.4,0
V100867,2026-09-05,12,65,M,Gastroenterology,Gastrointestinal,2,67,5.3,0
V100868,2026-09-17,10,26,F,Emergency Medicine,Trauma / acute illness,4,17,5.6,0
V100869,2026-07-04,12,70,F,Emergency Medicine,Trauma / acute illness,2,59,21.8,0
V100870,2026-08-09,15,29,M,Gastroenterology,Gastrointestinal,5,51,2.4,0
V100871,2026-08-30,19,98,M,Emergency Medicine,Trauma / acute illness,3,12,12.6,0
V100872,2026-09-28,0,75,M,Obstetrics & Gynaecology,Obstetric,3,19,2.2,0
V100873,2026-09-12,9,31,F,General Medicine,Infection / fever,5,85,2.5,0
V100874,2026-07-20,14,20,F,Orthopaedics,Musculoskeletal,3,16,4.8,0
V100875,2026-07-25,13,30,F,Paediatrics,Paediatric illness,4,105,6.6,0
V100876,2026-09-10,16,28,M,General Medicine,Infection / fever,5,58,2.8,0
V100877,2026-08-28,15,55,M,Cardiology,Cardiovascular,4,46,2.3,0
V100878,2026-07-23,12,14,F,Pulmonology,Respiratory,4,50,1.3,1
V100879,2026-08-14,11,17,M,Pulmonology,Respiratory,3,26,22.1,0
V100880,2026-09-22,12,54,F,General Medicine,Infection / fever,5,20,3.0,0
V100881,2026-07-19,19,28,F,Pulmonology,Respiratory,3,34,8.8,0
V100882,2026-07-30,10,33,F,Paediatrics,Paediatric illness,2,37,5.2,1
V100883,2026-09-20,13,61,M,General Medicine,Infection / fever,3,48,5.4,0
V100884,2026-08-30,14,67,F,Emergency Medicine,Trauma / acute illness,4,52,11.6,0
V100885,2026-07-21,22,73,F,General Medicine,Infection / fever,3,41,8.5,0
V100886,2026-07-26,12,58,M,General Medicine,Infection / fever,4,131,10.6,0
V100887,2026-09-14,18,38,F,Emergency Medicine,Trauma / acute illness,2,35,12.0,0
V100888,2026-07-26,20,36,M,Emergency Medicine,Trauma / acute illness,2,64,18.2,1
V100889,2026-09-02,13,34,F,Orthopaedics,Musculoskeletal,3,49,0.9,0
V100890,2026-08-14,12,22,M,Cardiology,Cardiovascular,3,124,3.7,0
V100891,2026-07-20,12,26,F,Obstetrics & Gynaecology,Obstetric,4,40,4.8,0
V100892,2026-08-03,12,69,F,Cardiology,Cardiovascular,3,33,6.9,0
V100893,2026-09-03,18,29,M,Emergency Medicine,Trauma / acute illness,3,71,9.9,0
V100894,2026-09-11,15,22,M,Gastroenterology,Gastrointestinal,4,79,1.3,0
V100895,2026-07-03,15,72,F,Paediatrics,Paediatric illness,2,24,3.9,0
V100896,2026-09-20,8,19,F,Cardiology,Cardiovascular,2,31,12.8,0
V100897,2026-07-22,8,46,F,Emergency Medicine,Trauma / acute illness,5,51,4.4,0
V100898,2026-08-28,23,12,F,Emergency Medicine,Trauma / acute illness,4,44,3.6,0
V100899,2026-07-26,13,88,M,General Medicine,Infection / fever,5,56,6.9,0
V100900,2026-07-25,9,84,M,General Medicine,Infection / fever,3,5,20.8,0
V100901,2026-09-19,21,23,M,Cardiology,Cardiovascular,3,40,6.6,0
V100902,2026-09-02,15,40,F,Emergency Medicine,Trauma / acute illness,2,48,6.9,0
V100903,2026-09-21,17,25,M,General Medicine,Infection / fever,3,46,4.3,0
V100904,2026-07-02,13,25,M,Obstetrics & Gynaecology,Obstetric,3,25,3.7,0
V100905,2026-07-25,12,34,F,Orthopaedics,Musculoskeletal,5,107,3.7,0
V100906,2026-07-05,13,56,F,General Medicine,Infection / fever,5,20,1.1,1
V100907,2026-08-12,6,56,M,Emergency Medicine,Trauma / acute illness,2,46,3.7,0
V100908,2026-08-11,13,53,M,Cardiology,Cardiovascular,3,16,3.5,0
V100909,2026-09-27,15,38,F,Cardiology,Cardiovascular,4,74,4.5,0
V100910,2026-07-21,23,57,M,Gastroenterology,Gastrointestinal,3,12,7.0,0
V100911,2026-08-29,14,22,M,Paediatrics,Paediatric illness,4,71,7.0,0
V100912,2026-09-28,1,47,M,Paediatrics,Paediatric illness,4,82,4.2,0
V100913,2026-07-07,13,42,M,Obstetrics & Gynaecology,Obstetric,4,111,1.2,0
V100914,2026-08-10,23,37,F,Obstetrics & Gynaecology,Obstetric,4,71,3.3,0
V100915,2026-08-05,18,48,F,Obstetrics & Gynaecology,Obstetric,3,35,6.8,0
V100916,2026-07-03,9,13,M,Emergency Medicine,Trauma / acute illness,2,14,5.4,0
V100917,2026-08-07,17,25,M,Emergency Medicine,Trauma / acute illness,1,2,14.1,0
V100918,2026-07-23,10,54,F,Cardiology,Cardiovascular,1,5,0.9,0
V100919,2026-07-28,6,42,M,Pulmonology,Respiratory,3,39,6.2,0
V100920,2026-07-20,12,18,M,Emergency Medicine,Trauma / acute illness,3,132,15.0,0
V100921,2026-08-16,14,41,F,Neurology,Neurological,2,21,17.3,0
V100922,2026-08-05,4,32,F,Pulmonology,Respiratory,4,85,5.0,0
V100923,2026-09-05,8,70,F,Pulmonology,Respiratory,4,28,5.9,0
V100924,2026-08-01,14,23,F,Emergency Medicine,Trauma / acute illness,1,1,15.5,0
V100925,2026-09-01,11,23,M,Cardiology,Cardiovascular,3,43,2.8,0
V100926,2026-08-17,16,50,F,Emergency Medicine,Trauma / acute illness,4,59,8.2,0
V100927,2026-08-01,7,39,M,Neurology,Neurological,3,59,16.7,0
V100928,2026-09-13,17,38,F,Pulmonology,Respiratory,2,21,8.2,0
V100929,2026-09-05,7,98,M,Gastroenterology,Gastrointestinal,4,36,6.2,0
V100930,2026-08-17,22,57,F,Cardiology,Cardiovascular,2,23,14.2,0
V100931,2026-08-18,5,35,M,General Medicine,Infection / fever,5,25,1.3,0
V100932,2026-09-07,8,17,F,General Medicine,Infection / fever,3,71,17.0,0
V100933,2026-09-08,16,34,M,Gastroenterology,Gastrointestinal,4,59,14.5,0
V100934,2026-09-03,22,22,F,Gastroenterology,Gastrointestinal,3,3,9.8,0
V100935,2026-07-11,15,26,M,Emergency Medicine,Trauma / acute illness,3,44,17.9,0
V100936,2026-07-21,16,26,F,Paediatrics,Paediatric illness,3,9,2.5,0
V100937,2026-08-06,14,67,F,Emergency Medicine,Trauma / acute illness,2,36,12.2,0
V100938,2026-08-21,8,19,M,Paediatrics,Paediatric illness,3,8,1.1,0
V100939,2026-08-05,11,64,F,Emergency Medicine,Trauma / acute illness,3,53,5.0,0
V100940,2026-09-13,7,52,M,Cardiology,Cardiovascular,3,6,5.1,0
V100941,2026-08-01,7,51,M,Neurology,Neurological,2,11,5.5,0
V100942,2026-08-18,16,25,F,Emergency Medicine,Trauma / acute illness,3,61,2.6,0
V100943,2026-09-01,8,60,M,General Medicine,Infection / fever,4,30,6.5,0
V100944,2026-08-03,15,24,F,General Medicine,Infection / fever,4,12,2.4,0
V100945,2026-08-20,7,80,M,Cardiology,Cardiovascular,3,68,11.0,0
V100946,2026-09-04,15,68,F,Orthopaedics,Musculoskeletal,4,29,5.5,0
V100947,2026-08-04,11,87,M,Neurology,Neurological,4,33,6.9,1
V100948,2026-09-26,21,42,M,Paediatrics,Paediatric illness,4,26,3.0,0
V100949,2026-08-18,15,39,F,Cardiology,Cardiovascular,4,63,4.3,0
V100950,2026-09-09,20,34,M,Pulmonology,Respiratory,3,28,24.3,0
V100951,2026-09-02,10,98,F,Cardiology,Cardiovascular,3,32,9.6,0
V100952,2026-09-12,14,56,M,Cardiology,Cardiovascular,3,75,17.0,1
V100953,2026-08-30,8,22,F,Emergency Medicine,Trauma / acute illness,4,57,11.0,0
V100954,2026-08-18,11,76,F,Paediatrics,Paediatric illness,4,35,2.6,0
V100955,2026-09-07,12,38,F,Paediatrics,Paediatric illness,4,36,10.9,1
V100956,2026-08-11,10,9,M,Gastroenterology,Gastrointestinal,3,2,6.4,0
V100957,2026-09-15,7,28,M,General Medicine,Infection / fever,4,34,3.4,0
V100958,2026-08-15,6,68,M,General Medicine,Infection / fever,3,46,4.1,0
V100959,2026-09-05,1,52,M,General Medicine,Infection / fever,3,20,2.2,0
V100960,2026-07-19,8,57,M,Pulmonology,Respiratory,1,5,16.0,0
V100961,2026-07-17,17,76,M,General Medicine,Infection / fever,2,7,4.0,0
V100962,2026-08-20,5,15,M,Emergency Medicine,Trauma / acute illness,4,14,6.6,0
V100963,2026-09-15,6,28,F,Emergency Medicine,Trauma / acute illness,2,51,0.9,0
V100964,2026-09-05,23,43,M,Obstetrics & Gynaecology,Obstetric,5,56,1.0,0
V100965,2026-07-30,10,69,F,General Medicine,Infection / fever,4,8,5.0,0
V100966,2026-09-16,15,24,M,Obstetrics & Gynaecology,Obstetric,4,10,4.7,0
V100967,2026-08-29,17,35,F,Emergency Medicine,Trauma / acute illness,1,4,5.5,0
V100968,2026-08-20,17,41,F,Pulmonology,Respiratory,3,46,2.4,0
V100969,2026-09-28,6,28,M,Emergency Medicine,Trauma / acute illness,4,24,3.5,0
V100970,2026-09-09,12,41,F,Cardiology,Cardiovascular,4,92,2.8,0
V100971,2026-07-27,5,38,M,Emergency Medicine,Trauma / acute illness,3,16,4.7,0
V100972,2026-07-06,23,31,M,Emergency Medicine,Trauma / acute illness,1,0,17.0,0
V100973,2026-07-25,5,60,M,Paediatrics,Paediatric illness,3,41,14.7,0
V100974,2026-07-16,8,55,M,Cardiology,Cardiovascular,2,42,6.7,0
V100975,2026-07-17,8,61,F,Pulmonology,Respiratory,4,18,6.8,0
V100976,2026-08-17,6,64,F,General Medicine,Infection / fever,5,12,1.4,0
V100977,2026-09-27,21,85,M,General Medicine,Infection / fever,4,4,3.9,0
V100978,2026-08-28,23,18,F,Pulmonology,Respiratory,3,26,5.2,0
V100979,2026-08-08,11,19,F,Emergency Medicine,Trauma / acute illness,4,50,8.9,0
V100980,2026-07-23,7,57,F,Obstetrics & Gynaecology,Obstetric,3,50,1.7,0
V100981,2026-09-09,2,33,M,Neurology,Neurological,3,34,1.4,0
V100982,2026-08-19,12,31,M,Gastroenterology,Gastrointestinal,4,26,12.8,0
V100983,2026-07-05,12,29,F,General Medicine,Infection / fever,3,40,3.2,0
V100984,2026-08-11,10,62,F,Emergency Medicine,Trauma / acute illness,2,61,7.8,1
V100985,2026-07-17,15,98,M,Paediatrics,Paediatric illness,3,44,5.8,0
V100986,2026-08-14,16,64,F,Cardiology,Cardiovascular,4,71,11.2,0
V100987,2026-07-06,15,32,F,Emergency Medicine,Trauma / acute illness,4,16,8.8,0
V100988,2026-07-20,12,61,F,Cardiology,Cardiovascular,3,54,2.3,0
V100989,2026-09-12,8,19,M,Gastroenterology,Gastrointestinal,4,39,4.7,0
V100990,2026-07-16,17,8,F,Pulmonology,Respiratory,3,27,8.5,0
V100991,2026-07-10,14,37,F,Gastroenterology,Gastrointestinal,4,79,6.7,0
V100992,2026-07-20,18,15,M,Gastroenterology,Gastrointestinal,3,116,0.9,0
V100993,2026-09-22,18,33,F,Emergency Medicine,Trauma / acute illness,2,6,1.9,0
V100994,2026-09-24,6,45,M,Paediatrics,Paediatric illness,4,24,7.0,0
V100995,2026-08-29,6,98,M,General Medicine,Infection / fever,3,25,3.2,0
V100996,2026-09-09,10,72,M,Orthopaedics,Musculoskeletal,3,35,9.6,0
V100997,2026-09-20,8,16,F,Emergency Medicine,Trauma / acute illness,2,14,3.3,0
V100998,2026-07-27,17,16,F,Obstetrics & Gynaecology,Obstetric,4,9,1.0,0
V100999,2026-08-06,15,28,M,Cardiology,Cardiovascular,3,30,3.1,0
V101000,2026-07-03,19,92,F,Emergency Medicine,Trauma / acute illness,3,33,7.5,0
V101001,2026-08-17,16,16,M,General Medicine,Infection / fever,2,24,10.8,1
V101002,2026-09-22,15,29,F,Emergency Medicine,Trauma / acute illness,4,38,5.9,0
V101003,2026-07-03,20,29,M,Emergency Medicine,Trauma / acute illness,3,41,11.4,0
V101004,2026-09-03,16,50,F,Orthopaedics,Musculoskeletal,4,34,2.2,0
V101005,2026-08-11,14,61,M,General Medicine,Infection / fever,5,27,3.7,0
V101006,2026-09-25,21,55,F,Paediatrics,Paediatric illness,3,25,6.8,0
V101007,2026-08-23,14,47,F,Cardiology,Cardiovascular,2,38,10.1,1
V101008,2026-08-06,12,18,F,Orthopaedics,Musculoskeletal,3,36,25.7,0
V101009,2026-07-10,9,43,F,General Medicine,Infection / fever,4,100,6.5,0
V101010,2026-08-20,17,77,M,Orthopaedics,Musculoskeletal,4,51,4.8,0
V101011,2026-09-27,20,89,F,Pulmonology,Respiratory,2,31,7.6,0
V101012,2026-07-02,13,50,F,General Medicine,Infection / fever,4,21,4.2,0
V101013,2026-07-01,20,16,M,Obstetrics & Gynaecology,Obstetric,2,17,2.3,0
V101014,2026-09-19,3,50,F,Cardiology,Cardiovascular,3,21,8.4,0
V101015,2026-07-25,13,38,M,Emergency Medicine,Trauma / acute illness,4,32,4.2,0
V101016,2026-08-24,13,17,F,Orthopaedics,Musculoskeletal,4,31,5.0,0
V101017,2026-08-25,10,23,M,Neurology,Neurological,2,41,9.0,0
V101018,2026-08-13,23,25,M,Emergency Medicine,Trauma / acute illness,2,45,2.6,0
V101019,2026-08-14,13,58,F,General Medicine,Infection / fever,1,4,16.6,0
V101020,2026-08-31,11,87,F,Paediatrics,Paediatric illness,2,45,6.5,0
V101021,2026-07-22,14,53,M,Gastroenterology,Gastrointestinal,5,22,4.1,0
V101022,2026-07-17,3,58,M,Obstetrics & Gynaecology,Obstetric,3,56,10.5,0
V101023,2026-09-27,10,40,F,Pulmonology,Respiratory,3,19,18.5,1
V101024,2026-07-01,19,31,M,Orthopaedics,Musculoskeletal,2,37,8.4,0
V101025,2026-07-17,10,54,M,Cardiology,Cardiovascular,1,4,19.0,0
V101026,2026-09-04,9,47,M,Paediatrics,Paediatric illness,5,71,6.6,0
V101027,2026-08-21,20,27,M,General Medicine,Infection / fever,4,120,2.5,0
V101028,2026-07-29,20,46,M,Gastroenterology,Gastrointestinal,3,27,13.3,0
V101029,2026-07-11,16,41,M,General Medicine,Infection / fever,3,40,9.6,0
V101030,2026-08-03,11,35,F,Pulmonology,Respiratory,3,73,2.7,0
V101031,2026-07-06,12,30,F,Orthopaedics,Musculoskeletal,3,113,5.8,0
V101032,2026-08-19,9,50,F,General Medicine,Infection / fever,2,19,30.0,0
V101033,2026-08-13,8,31,F,Paediatrics,Paediatric illness,4,15,8.6,0
V101034,2026-09-21,8,98,F,General Medicine,Infection / fever,4,9,7.2,0
V101035,2026-09-11,10,52,M,Orthopaedics,Musculoskeletal,4,8,2.5,0
V101036,2026-08-12,8,50,F,Cardiology,Cardiovascular,4,17,0.5,0
V101037,2026-08-17,5,38,M,General Medicine,Infection / fever,3,47,2.1,1
V101038,2026-09-01,15,34,F,General Medicine,Infection / fever,4,74,4.4,0
V101039,2026-07-27,15,14,F,Emergency Medicine,Trauma / acute illness,2,40,8.7,1
V101040,2026-08-24,22,28,F,Emergency Medicine,Trauma / acute illness,2,18,20.3,0
V101041,2026-07-02,10,16,F,Orthopaedics,Musculoskeletal,4,53,2.0,0
V101042,2026-09-23,15,15,F,Orthopaedics,Musculoskeletal,3,37,2.8,0
V101043,2026-09-23,15,21,F,Orthopaedics,Musculoskeletal,1,2,16.2,0
V101044,2026-09-19,12,73,M,Emergency Medicine,Trauma / acute illness,3,44,6.0,0
V101045,2026-07-20,17,73,F,Cardiology,Cardiovascular,3,27,6.0,0
V101046,2026-09-09,18,28,F,Emergency Medicine,Trauma / acute illness,1,3,23.7,0
V101047,2026-08-21,15,18,F,Gastroenterology,Gastrointestinal,4,55,1.8,0
V101048,2026-09-27,12,33,F,Neurology,Neurological,3,57,12.8,0
V101049,2026-07-02,12,57,F,Cardiology,Cardiovascular,3,9,8.9,0
V101050,2026-08-05,6,66,F,Orthopaedics,Musculoskeletal,3,57,5.7,0
V101051,2026-07-09,9,45,M,Emergency Medicine,Trauma / acute illness,3,25,6.4,0
V101052,2026-09-24,10,49,M,Cardiology,Cardiovascular,2,94,4.5,0
V101053,2026-07-16,8,47,M,Emergency Medicine,Trauma / acute illness,2,41,7.5,0
V101054,2026-07-04,16,16,M,Cardiology,Cardiovascular,4,21,12.8,0
V101055,2026-07-11,20,19,F,Orthopaedics,Musculoskeletal,4,59,2.4,0
V101056,2026-09-25,9,89,F,Paediatrics,Paediatric illness,3,54,2.4,0
V101057,2026-08-17,15,45,M,Emergency Medicine,Trauma / acute illness,3,30,6.5,0
V101058,2026-07-10,8,12,F,Pulmonology,Respiratory,3,13,17.0,0
V101059,2026-08-05,12,51,F,Orthopaedics,Musculoskeletal,3,15,7.7,0
V101060,2026-08-08,10,25,M,Obstetrics & Gynaecology,Obstetric,4,12,3.6,0
V101061,2026-09-11,17,68,M,Pulmonology,Respiratory,2,4,8.1,1
V101062,2026-07-20,10,65,F,Cardiology,Cardiovascular,3,34,13.1,0
V101063,2026-07-11,19,56,F,Pulmonology,Respiratory,3,16,8.4,0
V101064,2026-09-06,12,45,F,Cardiology,Cardiovascular,4,25,6.5,0
V101065,2026-08-08,10,76,F,Obstetrics & Gynaecology,Obstetric,4,123,6.0,0
V101066,2026-07-12,7,80,F,General Medicine,Infection / fever,4,41,9.0,1
V101067,2026-08-08,15,25,M,Orthopaedics,Musculoskeletal,2,16,25.5,0
V101068,2026-08-08,18,55,F,Emergency Medicine,Trauma / acute illness,2,124,8.6,0
V101069,2026-07-21,15,30,F,General Medicine,Infection / fever,3,44,8.3,0
V101070,2026-07-19,23,23,F,Paediatrics,Paediatric illness,4,112,12.4,0
V101071,2026-07-09,21,80,M,Pulmonology,Respiratory,1,5,13.2,0
V101072,2026-09-14,12,60,F,General Medicine,Infection / fever,3,45,13.0,1
V101073,2026-07-01,12,47,F,Paediatrics,Paediatric illness,5,42,1.0,0
V101074,2026-08-15,16,26,M,Neurology,Neurological,3,63,3.6,0
V101075,2026-07-02,9,81,F,Cardiology,Cardiovascular,2,27,30.0,0
V101076,2026-09-11,20,98,F,Pulmonology,Respiratory,2,22,15.8,1
V101077,2026-08-05,15,25,F,General Medicine,Infection / fever,3,24,5.8,0
V101078,2026-09-27,15,22,M,Orthopaedics,Musculoskeletal,4,78,2.8,0
V101079,2026-07-05,17,41,M,Cardiology,Cardiovascular,3,18,5.2,0
V101080,2026-07-30,22,57,M,Cardiology,Cardiovascular,4,57,1.4,0
V101081,2026-08-05,14,34,M,Paediatrics,Paediatric illness,4,42,6.9,0
V101082,2026-07-07,13,98,M,Paediatrics,Paediatric illness,3,9,10.8,1
V101083,2026-08-09,21,45,F,Neurology,Neurological,2,47,12.6,0
V101084,2026-08-11,19,30,F,Obstetrics & Gynaecology,Obstetric,4,21,10.6,0
V101085,2026-08-10,12,32,F,Gastroenterology,Gastrointestinal,4,23,4.6,0
V101086,2026-08-18,14,94,F,Gastroenterology,Gastrointestinal,3,31,10.1,0
V101087,2026-07-18,15,39,M,Gastroenterology,Gastrointestinal,3,35,1.3,0
V101088,2026-07-22,15,79,F,General Medicine,Infection / fever,4,51,8.6,0
V101089,2026-08-14,6,15,F,General Medicine,Infection / fever,5,65,3.3,0
V101090,2026-08-27,5,69,F,Cardiology,Cardiovascular,3,51,3.6,0
V101091,2026-08-05,9,27,F,Orthopaedics,Musculoskeletal,5,22,1.9,0
V101092,2026-08-11,8,60,M,Cardiology,Cardiovascular,3,18,14.5,0
V101093,2026-09-28,10,27,M,Cardiology,Cardiovascular,4,73,5.8,0
V101094,2026-08-28,17,33,F,Pulmonology,Respiratory,3,16,4.0,0
V101095,2026-07-05,13,23,M,General Medicine,Infection / fever,4,42,6.5,0
V101096,2026-08-02,15,61,M,Emergency Medicine,Trauma / acute illness,2,78,27.7,0
V101097,2026-07-05,7,66,F,Neurology,Neurological,3,20,3.0,0
V101098,2026-09-17,11,28,F,Neurology,Neurological,4,12,7.2,0
V101099,2026-09-13,17,17,M,Emergency Medicine,Trauma / acute illness,3,18,8.5,0
V101100,2026-08-11,17,78,F,Emergency Medicine,Trauma / acute illness,3,19,3.4,0
V101101,2026-07-24,10,29,M,Cardiology,Cardiovascular,2,15,11.7,0
V101102,2026-09-03,14,38,M,Gastroenterology,Gastrointestinal,5,38,1.4,0
V101103,2026-07-17,23,25,M,Neurology,Neurological,4,110,3.6,0
V101104,2026-09-08,13,58,M,Emergency Medicine,Trauma / acute illness,3,51,9.8,0
V101105,2026-09-17,10,59,M,Gastroenterology,Gastrointestinal,4,36,6.4,0
V101106,2026-07-17,13,84,F,Emergency Medicine,Trauma / acute illness,3,34,10.6,0
V101107,2026-08-17,14,70,M,General Medicine,Infection / fever,3,21,29.5,0
V101108,2026-07-14,13,67,M,Obstetrics & Gynaecology,Obstetric,4,39,5.2,0
V101109,2026-08-25,13,40,F,Emergency Medicine,Trauma / acute illness,3,86,2.7,0
V101110,2026-08-30,6,37,M,Emergency Medicine,Trauma / acute illness,1,2,18.1,1
V101111,2026-07-01,8,58,M,General Medicine,Infection / fever,4,57,5.6,0
V101112,2026-09-24,13,39,M,Pulmonology,Respiratory,2,55,6.0,0
V101113,2026-07-24,13,71,F,Paediatrics,Paediatric illness,3,128,5.4,0
V101114,2026-08-11,11,24,F,Obstetrics & Gynaecology,Obstetric,4,69,11.1,0
V101115,2026-07-24,13,15,M,Emergency Medicine,Trauma / acute illness,2,107,1.1,0
V101116,2026-09-20,14,54,M,Emergency Medicine,Trauma / acute illness,3,72,8.3,0
V101117,2026-09-07,18,31,F,Gastroenterology,Gastrointestinal,4,51,2.7,0
V101118,2026-09-28,13,22,F,Cardiology,Cardiovascular,2,17,12.2,0
V101119,2026-08-04,16,98,M,Paediatrics,Paediatric illness,4,77,3.6,0
V101120,2026-08-20,11,42,F,Orthopaedics,Musculoskeletal,3,72,9.3,0
V101121,2026-08-21,16,19,M,Emergency Medicine,Trauma / acute illness,5,91,4.6,0
V101122,2026-07-21,15,29,M,Neurology,Neurological,3,2,4.6,0
V101123,2026-09-22,18,36,F,Emergency Medicine,Trauma / acute illness,1,2,8.6,0
V101124,2026-09-16,17,54,M,General Medicine,Infection / fever,3,51,9.0,0
V101125,2026-09-27,17,29,M,Pulmonology,Respiratory,4,31,7.7,1
V101126,2026-08-11,13,38,F,General Medicine,Infection / fever,4,27,16.6,0
V101127,2026-07-12,15,48,F,Orthopaedics,Musculoskeletal,3,21,5.2,0
V101128,2026-07-15,19,52,M,Orthopaedics,Musculoskeletal,5,12,1.7,0
V101129,2026-08-20,10,40,M,Obstetrics & Gynaecology,Obstetric,4,55,1.9,1
V101130,2026-09-12,10,93,M,Obstetrics & Gynaecology,Obstetric,4,26,1.6,0
V101131,2026-09-01,14,58,M,General Medicine,Infection / fever,5,33,4.7,0
V101132,2026-09-04,16,57,F,Emergency Medicine,Trauma / acute illness,3,32,6.3,0
V101133,2026-09-09,9,56,M,Orthopaedics,Musculoskeletal,5,50,0.9,0
V101134,2026-09-14,13,71,M,Obstetrics & Gynaecology,Obstetric,2,39,17.9,0
V101135,2026-09-21,13,46,F,Cardiology,Cardiovascular,2,37,14.5,0
V101136,2026-08-02,2,24,F,General Medicine,Infection / fever,4,3,3.4,0
V101137,2026-09-04,12,51,F,General Medicine,Infection / fever,5,87,2.8,0
V101138,2026-07-26,13,54,F,Emergency Medicine,Trauma / acute illness,4,116,2.1,0
V101139,2026-09-01,13,77,M,Orthopaedics,Musculoskeletal,5,52,4.9,0
V101140,2026-07-05,21,23,M,General Medicine,Infection / fever,3,11,4.4,0
V101141,2026-07-05,7,26,F,Gastroenterology,Gastrointestinal,3,18,15.1,0
V101142,2026-07-18,9,43,F,Neurology,Neurological,2,10,13.3,0
V101143,2026-08-19,0,57,M,Neurology,Neurological,2,62,3.0,0
V101144,2026-09-20,11,20,M,General Medicine,Infection / fever,5,33,4.7,0
V101145,2026-08-23,11,23,M,Cardiology,Cardiovascular,3,43,13.3,0
V101146,2026-08-20,11,63,F,Gastroenterology,Gastrointestinal,4,35,8.0,0
V101147,2026-09-01,19,21,F,Gastroenterology,Gastrointestinal,5,66,4.2,0
V101148,2026-09-18,18,26,F,General Medicine,Infection / fever,2,16,9.2,0
V101149,2026-08-22,14,65,M,Paediatrics,Paediatric illness,4,47,5.6,0
V101150,2026-09-05,12,56,F,Emergency Medicine,Trauma / acute illness,2,23,7.9,1
V101151,2026-08-06,19,30,F,Paediatrics,Paediatric illness,4,85,0.9,0
V101152,2026-09-28,13,53,M,Emergency Medicine,Trauma / acute illness,2,4,13.1,0
V101153,2026-08-13,9,48,F,Emergency Medicine,Trauma / acute illness,2,19,2.3,0
V101154,2026-09-19,5,39,M,Pulmonology,Respiratory,4,59,1.9,0
V101155,2026-09-26,11,34,M,Emergency Medicine,Trauma / acute illness,3,65,4.2,0
V101156,2026-09-18,17,52,F,Emergency Medicine,Trauma / acute illness,2,9,9.7,0
V101157,2026-07-30,23,22,F,Emergency Medicine,Trauma / acute illness,3,45,21.7,0
V101158,2026-08-03,14,52,M,General Medicine,Infection / fever,3,17,4.2,0
V101159,2026-09-09,10,46,M,Gastroenterology,Gastrointestinal,5,27,7.6,0
V101160,2026-09-22,7,48,F,Emergency Medicine,Trauma / acute illness,2,44,17.3,0
V101161,2026-08-24,16,25,M,Orthopaedics,Musculoskeletal,3,28,9.0,0
V101162,2026-09-08,4,78,M,Neurology,Neurological,2,6,6.2,1
V101163,2026-08-09,16,30,M,Emergency Medicine,Trauma / acute illness,2,12,9.8,0
V101164,2026-09-16,18,32,F,Emergency Medicine,Trauma / acute illness,4,42,5.2,0
V101165,2026-08-07,16,38,F,Neurology,Neurological,3,28,11.1,0
V101166,2026-08-25,12,56,M,Neurology,Neurological,2,24,5.3,0
V101167,2026-08-18,16,47,F,Pulmonology,Respiratory,4,59,8.8,0
V101168,2026-09-14,14,17,M,Neurology,Neurological,3,46,6.7,0
V101169,2026-09-10,9,42,F,Emergency Medicine,Trauma / acute illness,3,22,9.8,0
V101170,2026-09-14,23,43,F,General Medicine,Infection / fever,3,49,6.3,1
V101171,2026-07-11,12,79,M,Gastroenterology,Gastrointestinal,5,65,6.7,0
V101172,2026-07-23,18,36,M,Cardiology,Cardiovascular,2,38,4.0,0
V101173,2026-09-20,1,54,F,Gastroenterology,Gastrointestinal,5,23,2.9,1
V101174,2026-07-12,20,98,M,General Medicine,Infection / fever,2,64,4.2,0
V101175,2026-09-08,21,72,M,Gastroenterology,Gastrointestinal,3,20,11.6,0
V101176,2026-08-27,14,24,F,General Medicine,Infection / fever,5,36,0.9,0
V101177,2026-08-01,16,60,F,General Medicine,Infection / fever,4,109,3.8,0
V101178,2026-07-04,16,52,M,Emergency Medicine,Trauma / acute illness,5,23,1.7,0
V101179,2026-07-01,10,35,M,Emergency Medicine,Trauma / acute illness,2,16,30.0,0
V101180,2026-09-19,16,60,F,Gastroenterology,Gastrointestinal,4,34,2.6,0
V101181,2026-07-10,9,24,F,Emergency Medicine,Trauma / acute illness,4,13,8.9,0
V101182,2026-09-06,10,30,M,Emergency Medicine,Trauma / acute illness,1,1,0.9,0
V101183,2026-07-13,19,39,F,Emergency Medicine,Trauma / acute illness,1,7,12.1,0
V101184,2026-08-05,19,34,M,Emergency Medicine,Trauma / acute illness,2,26,22.5,0
V101185,2026-07-10,10,57,F,Neurology,Neurological,4,51,0.9,0
V101186,2026-08-27,10,41,M,General Medicine,Infection / fever,2,9,17.3,0
V101187,2026-07-10,10,32,M,Obstetrics & Gynaecology,Obstetric,4,19,4.2,0
V101188,2026-08-26,17,71,F,Emergency Medicine,Trauma / acute illness,2,91,2.3,1
V101189,2026-09-25,8,56,M,Orthopaedics,Musculoskeletal,5,14,4.7,0
V101190,2026-09-05,15,19,F,General Medicine,Infection / fever,5,57,3.6,0
V101191,2026-08-29,17,19,M,General Medicine,Infection / fever,4,2,2.3,0
V101192,2026-09-20,13,32,M,Paediatrics,Paediatric illness,5,13,3.7,0
V101193,2026-09-12,19,20,M,Obstetrics & Gynaecology,Obstetric,4,33,1.0,0
V101194,2026-09-04,12,66,F,Paediatrics,Paediatric illness,3,65,5.6,0
V101195,2026-08-20,12,31,M,Emergency Medicine,Trauma / acute illness,1,3,11.9,0
V101196,2026-08-05,8,54,M,Emergency Medicine,Trauma / acute illness,2,20,9.1,1
V101197,2026-08-25,19,98,F,Orthopaedics,Musculoskeletal,3,55,10.8,0
V101198,2026-07-10,10,59,M,Cardiology,Cardiovascular,3,42,26.2,0
V101199,2026-09-18,15,14,F,Gastroenterology,Gastrointestinal,2,7,10.9,0
V101200,2026-09-18,13,31,M,Pulmonology,Respiratory,3,35,8.3,0
V101201,2026-07-24,8,38,M,Pulmonology,Respiratory,3,18,15.1,0
V101202,2026-09-07,10,48,M,Neurology,Neurological,3,30,6.8,0
V101203,2026-09-01,21,64,F,Orthopaedics,Musculoskeletal,5,23,0.4,0
V101204,2026-09-15,15,98,M,Emergency Medicine,Trauma / acute illness,2,31,11.3,0
V101205,2026-09-19,8,89,F,Emergency Medicine,Trauma / acute illness,1,3,2.8,0
V101206,2026-09-05,15,41,M,Pulmonology,Respiratory,2,11,18.9,0
V101207,2026-09-23,13,40,F,General Medicine,Infection / fever,5,26,2.4,0
V101208,2026-07-30,23,84,F,Cardiology,Cardiovascular,2,35,13.6,0
V101209,2026-08-09,15,42,F,General Medicine,Infection / fever,5,73,1.0,0
V101210,2026-07-14,12,31,F,Gastroenterology,Gastrointestinal,5,108,1.1,0
V101211,2026-09-16,21,66,M,Neurology,Neurological,2,24,15.4,0
V101212,2026-07-25,4,49,M,Pulmonology,Respiratory,4,16,3.8,0
V101213,2026-08-15,14,19,M,General Medicine,Infection / fever,5,26,1.3,0
V101214,2026-07-15,23,36,M,Cardiology,Cardiovascular,4,30,11.2,0
V101215,2026-07-24,13,21,M,General Medicine,Infection / fever,2,15,10.3,0
V101216,2026-08-30,4,9,M,Cardiology,Cardiovascular,2,54,5.8,1
V101217,2026-07-23,11,94,M,Pulmonology,Respiratory,2,21,12.0,1
V101218,2026-08-16,21,45,M,Orthopaedics,Musculoskeletal,4,63,3.4,0
V101219,2026-08-10,15,36,F,Emergency Medicine,Trauma / acute illness,3,15,10.0,0
V101220,2026-08-25,9,32,M,Emergency Medicine,Trauma / acute illness,1,2,4.8,0
V101221,2026-07-24,10,42,M,Emergency Medicine,Trauma / acute illness,2,24,19.1,0
V101222,2026-08-13,11,32,F,Paediatrics,Paediatric illness,5,13,1.7,0
V101223,2026-07-03,15,25,M,Orthopaedics,Musculoskeletal,4,32,1.4,0
V101224,2026-08-16,20,33,M,Emergency Medicine,Trauma / acute illness,3,41,2.4,0
V101225,2026-07-10,19,80,F,Paediatrics,Paediatric illness,3,4,7.2,0
V101226,2026-09-04,16,66,F,General Medicine,Infection / fever,3,50,5.1,1
V101227,2026-09-15,7,33,M,General Medicine,Infection / fever,4,37,1.2,0
V101228,2026-08-06,7,98,M,Paediatrics,Paediatric illness,3,25,3.1,0
V101229,2026-09-18,16,40,F,Emergency Medicine,Trauma / acute illness,3,57,7.1,0
V101230,2026-08-05,7,28,M,Emergency Medicine,Trauma / acute illness,3,44,8.4,0
V101231,2026-09-17,12,50,M,Pulmonology,Respiratory,3,161,7.5,0
V101232,2026-08-16,15,86,F,Emergency Medicine,Trauma / acute illness,3,10,17.7,0
V101233,2026-08-19,8,78,F,Orthopaedics,Musculoskeletal,3,67,10.5,0
V101234,2026-08-06,8,28,F,Emergency Medicine,Trauma / acute illness,1,4,7.2,1
V101235,2026-09-23,13,22,M,Emergency Medicine,Trauma / acute illness,3,44,30.0,0
V101236,2026-09-02,16,35,F,Emergency Medicine,Trauma / acute illness,3,15,3.3,1
V101237,2026-08-14,19,54,M,General Medicine,Infection / fever,4,29,1.0,0
V101238,2026-09-10,17,61,M,Emergency Medicine,Trauma / acute illness,1,2,18.4,0
V101239,2026-08-11,14,73,M,Emergency Medicine,Trauma / acute illness,4,36,15.7,0
V101240,2026-09-17,10,46,M,Neurology,Neurological,4,62,8.4,0
V101241,2026-08-12,8,47,M,Cardiology,Cardiovascular,3,59,5.7,0
V101242,2026-09-11,11,45,M,General Medicine,Infection / fever,3,108,3.6,0
V101243,2026-07-23,16,68,F,Emergency Medicine,Trauma / acute illness,3,26,11.7,0
V101244,2026-08-20,15,62,F,General Medicine,Infection / fever,3,39,6.0,0
V101245,2026-08-25,3,28,F,Cardiology,Cardiovascular,5,17,1.8,0
V101246,2026-08-17,9,58,F,Pulmonology,Respiratory,3,51,17.4,0
V101247,2026-08-10,20,66,F,Emergency Medicine,Trauma / acute illness,4,52,2.0,0
V101248,2026-07-01,14,69,F,Paediatrics,Paediatric illness,4,33,7.2,0
V101249,2026-09-26,6,49,F,Paediatrics,Paediatric illness,5,9,1.3,0
V101250,2026-07-20,23,48,M,Emergency Medicine,Trauma / acute illness,2,26,9.2,0
V101251,2026-07-16,13,41,M,Emergency Medicine,Trauma / acute illness,3,43,3.2,0
V101252,2026-09-12,15,44,F,Emergency Medicine,Trauma / acute illness,3,7,6.0,0
V101253,2026-07-07,16,92,F,Pulmonology,Respiratory,3,12,30.0,1
V101254,2026-09-07,12,44,M,Emergency Medicine,Trauma / acute illness,3,39,11.8,0
V101255,2026-08-01,10,29,F,Neurology,Neurological,3,102,10.5,0
V101256,2026-09-03,23,50,M,Gastroenterology,Gastrointestinal,4,61,4.7,0
V101257,2026-07-20,19,61,F,Neurology,Neurological,4,34,4.4,0
V101258,2026-09-02,18,67,F,General Medicine,Infection / fever,3,27,8.6,1
V101259,2026-09-28,16,25,M,Obstetrics & Gynaecology,Obstetric,4,23,6.5,0
V101260,2026-08-15,8,83,M,Emergency Medicine,Trauma / acute illness,2,12,17.2,0
V101261,2026-08-20,20,60,M,General Medicine,Infection / fever,4,32,15.7,0
V101262,2026-08-25,9,80,F,Cardiology,Cardiovascular,2,79,8.8,0
V101263,2026-08-02,15,20,F,Paediatrics,Paediatric illness,3,27,17.2,0
V101264,2026-08-19,5,70,F,Pulmonology,Respiratory,3,26,24.9,0
V101265,2026-08-27,3,24,M,Gastroenterology,Gastrointestinal,4,11,8.4,0
V101266,2026-07-03,15,37,F,Emergency Medicine,Trauma / acute illness,2,45,8.6,0
V101267,2026-08-10,9,61,F,Obstetrics & Gynaecology,Obstetric,5,32,4.2,0
V101268,2026-08-17,3,23,M,General Medicine,Infection / fever,5,24,0.6,0
V101269,2026-07-19,16,32,M,General Medicine,Infection / fever,4,18,14.1,0
V101270,2026-08-12,23,20,F,Obstetrics & Gynaecology,Obstetric,3,14,13.5,0
V101271,2026-08-05,21,60,M,General Medicine,Infection / fever,3,18,6.3,0
V101272,2026-08-19,12,28,M,General Medicine,Infection / fever,5,32,2.0,0
V101273,2026-07-26,14,43,M,Pulmonology,Respiratory,2,14,2.8,0
V101274,2026-09-19,18,52,F,Emergency Medicine,Trauma / acute illness,3,32,14.9,0
V101275,2026-08-27,19,49,M,Cardiology,Cardiovascular,3,40,6.0,0
V101276,2026-08-26,12,47,F,Emergency Medicine,Trauma / acute illness,2,50,29.8,1
V101277,2026-09-12,14,47,F,Emergency Medicine,Trauma / acute illness,2,86,2.2,0
V101278,2026-07-02,15,20,F,Neurology,Neurological,2,6,4.4,0
V101279,2026-07-24,16,38,F,Pulmonology,Respiratory,3,45,2.9,0
V101280,2026-07-17,13,47,M,General Medicine,Infection / fever,3,28,0.5,0
V101281,2026-08-25,13,44,M,General Medicine,Infection / fever,5,6,3.7,1
V101282,2026-07-31,21,40,F,General Medicine,Infection / fever,4,18,1.7,0
V101283,2026-09-02,20,30,F,Orthopaedics,Musculoskeletal,3,54,3.3,0
V101284,2026-09-23,16,49,F,Paediatrics,Paediatric illness,4,55,1.8,0
V101285,2026-08-03,22,53,M,Paediatrics,Paediatric illness,5,35,1.7,0
V101286,2026-07-30,11,34,F,General Medicine,Infection / fever,4,22,12.9,0
V101287,2026-08-13,22,68,M,Cardiology,Cardiovascular,4,68,7.7,0
V101288,2026-08-14,16,84,F,General Medicine,Infection / fever,2,12,11.8,0
V101289,2026-08-02,23,43,M,Pulmonology,Respiratory,4,22,4.6,0
V101290,2026-08-01,7,28,M,General Medicine,Infection / fever,4,25,3.0,0
V101291,2026-08-03,10,23,F,Orthopaedics,Musculoskeletal,4,37,3.0,0
V101292,2026-08-13,16,37,M,Pulmonology,Respiratory,3,136,7.7,0
V101293,2026-08-10,16,42,M,Cardiology,Cardiovascular,2,81,24.0,1
V101294,2026-08-11,23,22,M,Cardiology,Cardiovascular,1,3,7.0,1
V101295,2026-07-27,10,36,F,General Medicine,Infection / fever,3,35,13.8,1
V101296,2026-08-27,18,66,M,Emergency Medicine,Trauma / acute illness,3,34,4.0,0
V101297,2026-08-13,20,12,F,Emergency Medicine,Trauma / acute illness,2,49,14.7,0
V101298,2026-07-21,17,45,M,Orthopaedics,Musculoskeletal,3,72,17.5,0
V101299,2026-09-06,9,32,M,General Medicine,Infection / fever,3,10,6.5,0
V101300,2026-09-18,21,42,M,Emergency Medicine,Trauma / acute illness,2,64,6.0,1
V101301,2026-08-05,20,86,M,Pulmonology,Respiratory,2,41,15.8,0
V101302,2026-08-17,17,41,F,Gastroenterology,Gastrointestinal,4,26,13.9,0
V101303,2026-09-24,15,38,M,Cardiology,Cardiovascular,4,35,8.9,0
V101304,2026-07-29,15,58,M,Neurology,Neurological,4,54,15.2,0
V101305,2026-07-20,13,49,F,Paediatrics,Paediatric illness,5,62,2.3,0
V101306,2026-08-01,17,45,F,Pulmonology,Respiratory,2,14,8.9,0
V101307,2026-08-10,14,50,M,Orthopaedics,Musculoskeletal,3,33,1.8,0
V101308,2026-08-09,9,74,F,Emergency Medicine,Trauma / acute illness,3,30,5.5,0
V101309,2026-08-24,8,64,M,Paediatrics,Paediatric illness,3,54,6.3,0
V101310,2026-07-25,10,37,F,General Medicine,Infection / fever,5,97,2.3,0
V101311,2026-08-18,15,83,M,Paediatrics,Paediatric illness,4,14,8.4,0
V101312,2026-07-10,13,33,M,Pulmonology,Respiratory,5,45,1.6,0
V101313,2026-09-24,15,45,F,Emergency Medicine,Trauma / acute illness,3,22,4.9,0
V101314,2026-07-27,16,47,F,Emergency Medicine,Trauma / acute illness,3,47,25.3,1
V101315,2026-07-30,10,36,F,Orthopaedics,Musculoskeletal,4,148,0.3,0
V101316,2026-07-15,21,79,M,Pulmonology,Respiratory,3,50,2.0,0
V101317,2026-08-03,12,35,F,Emergency Medicine,Trauma / acute illness,2,44,4.2,0
V101318,2026-09-26,11,40,F,Gastroenterology,Gastrointestinal,3,60,0.7,0
V101319,2026-08-23,16,68,M,Neurology,Neurological,4,100,1.8,0
V101320,2026-08-30,4,34,M,General Medicine,Infection / fever,5,59,1.7,0
V101321,2026-08-23,9,21,F,General Medicine,Infection / fever,4,12,5.8,0
V101322,2026-07-31,19,45,M,Emergency Medicine,Trauma / acute illness,4,116,3.4,0
V101323,2026-09-09,4,25,M,Gastroenterology,Gastrointestinal,3,28,9.1,0
V101324,2026-07-31,19,23,M,Cardiology,Cardiovascular,1,3,20.1,0
V101325,2026-09-10,21,13,M,Paediatrics,Paediatric illness,5,72,2.7,1
V101326,2026-09-27,12,14,M,General Medicine,Infection / fever,3,127,9.1,1
V101327,2026-07-01,15,14,M,Pulmonology,Respiratory,3,26,5.6,0
V101328,2026-07-16,19,89,M,Cardiology,Cardiovascular,3,75,5.9,0
V101329,2026-09-07,11,14,F,Emergency Medicine,Trauma / acute illness,3,25,0.6,0
V101330,2026-07-11,18,25,M,Gastroenterology,Gastrointestinal,5,54,4.2,0
V101331,2026-09-03,10,40,M,General Medicine,Infection / fever,4,12,5.2,0
V101332,2026-07-23,11,57,F,Pulmonology,Respiratory,4,28,5.8,0
V101333,2026-08-22,9,60,F,Obstetrics & Gynaecology,Obstetric,3,31,1.7,0
V101334,2026-08-28,15,28,M,Obstetrics & Gynaecology,Obstetric,4,59,2.2,0
V101335,2026-07-29,20,44,F,Neurology,Neurological,2,44,7.1,0
V101336,2026-09-16,13,40,F,Emergency Medicine,Trauma / acute illness,4,77,1.7,0
V101337,2026-09-20,7,43,F,Pulmonology,Respiratory,2,18,10.6,0
V101338,2026-07-20,8,46,F,Paediatrics,Paediatric illness,4,28,5.0,0
V101339,2026-09-05,16,52,M,General Medicine,Infection / fever,3,35,7.2,1
V101340,2026-08-30,23,32,F,Emergency Medicine,Trauma / acute illness,2,19,16.5,0
V101341,2026-07-24,16,73,F,Neurology,Neurological,3,18,9.3,0
V101342,2026-09-12,11,95,F,General Medicine,Infection / fever,3,39,17.8,1
V101343,2026-07-28,17,35,M,Pulmonology,Respiratory,4,69,5.5,0
V101344,2026-07-24,12,98,M,Obstetrics & Gynaecology,Obstetric,4,51,3.8,0
V101345,2026-09-02,12,33,F,Pulmonology,Respiratory,3,27,6.7,0
V101346,2026-07-11,9,45,F,General Medicine,Infection / fever,4,33,0.3,0
V101347,2026-09-21,21,40,F,General Medicine,Infection / fever,5,23,2.9,0
V101348,2026-08-04,0,44,F,General Medicine,Infection / fever,5,49,1.1,0
V101349,2026-08-14,18,69,M,Emergency Medicine,Trauma / acute illness,1,5,13.6,0
V101350,2026-08-31,11,39,M,Gastroenterology,Gastrointestinal,3,64,3.9,0
V101351,2026-09-18,11,23,M,Neurology,Neurological,3,31,2.5,0
V101352,2026-09-08,22,31,M,Cardiology,Cardiovascular,3,19,20.1,0
V101353,2026-08-04,10,39,M,Cardiology,Cardiovascular,2,60,5.1,0
V101354,2026-09-06,10,47,F,Paediatrics,Paediatric illness,5,37,1.1,0
V101355,2026-08-05,13,28,M,Emergency Medicine,Trauma / acute illness,2,34,14.9,0
V101356,2026-08-16,16,30,F,General Medicine,Infection / fever,5,56,1.7,0
V101357,2026-08-31,11,47,M,General Medicine,Infection / fever,4,41,2.4,0
V101358,2026-08-19,5,48,F,Orthopaedics,Musculoskeletal,3,43,11.4,0
V101359,2026-07-05,9,65,F,Emergency Medicine,Trauma / acute illness,2,8,8.7,0
V101360,2026-07-05,20,31,F,Orthopaedics,Musculoskeletal,3,50,12.4,0
V101361,2026-07-13,14,54,F,General Medicine,Infection / fever,4,23,11.3,1
V101362,2026-07-08,16,40,F,Pulmonology,Respiratory,3,27,5.1,0
V101363,2026-09-04,12,33,M,Emergency Medicine,Trauma / acute illness,1,3,17.9,0
V101364,2026-07-18,10,40,F,General Medicine,Infection / fever,3,9,17.5,0
V101365,2026-07-22,22,43,M,General Medicine,Infection / fever,4,27,13.8,0
V101366,2026-07-29,13,22,F,Emergency Medicine,Trauma / acute illness,3,29,4.3,0
V101367,2026-07-16,11,22,M,Emergency Medicine,Trauma / acute illness,3,34,13.7,0
V101368,2026-09-17,19,58,F,Emergency Medicine,Trauma / acute illness,3,28,0.8,0
V101369,2026-07-09,10,35,F,Cardiology,Cardiovascular,2,34,10.9,0
V101370,2026-07-18,10,47,F,Emergency Medicine,Trauma / acute illness,3,25,2.0,0
V101371,2026-07-21,14,57,F,Paediatrics,Paediatric illness,5,44,1.7,0
V101372,2026-07-08,14,41,F,General Medicine,Infection / fever,5,52,8.9,1
V101373,2026-07-23,15,55,M,Gastroenterology,Gastrointestinal,4,79,8.4,0
V101374,2026-07-17,23,43,F,Obstetrics & Gynaecology,Obstetric,3,60,2.0,0
V101375,2026-07-31,15,44,F,Emergency Medicine,Trauma / acute illness,1,1,4.5,0
V101376,2026-07-14,1,72,F,Orthopaedics,Musculoskeletal,4,62,11.0,0
V101377,2026-09-23,15,38,M,Paediatrics,Paediatric illness,5,23,4.8,0
V101378,2026-09-09,14,58,F,Orthopaedics,Musculoskeletal,3,36,14.8,0
V101379,2026-08-28,14,19,F,General Medicine,Infection / fever,3,10,8.2,0
V101380,2026-08-23,15,46,F,General Medicine,Infection / fever,3,6,12.6,0
V101381,2026-09-01,13,80,M,Emergency Medicine,Trauma / acute illness,2,111,8.2,0
V101382,2026-09-23,13,98,M,Pulmonology,Respiratory,3,36,6.3,0
V101383,2026-07-12,17,20,F,Obstetrics & Gynaecology,Obstetric,5,39,2.6,0
V101384,2026-08-17,11,35,M,Obstetrics & Gynaecology,Obstetric,4,50,2.4,0
V101385,2026-07-18,9,25,F,Emergency Medicine,Trauma / acute illness,3,23,3.1,0
V101386,2026-08-10,23,39,F,Orthopaedics,Musculoskeletal,4,52,6.8,0
V101387,2026-09-19,10,63,M,Cardiology,Cardiovascular,4,48,7.3,0
V101388,2026-08-26,14,73,M,Paediatrics,Paediatric illness,2,49,5.4,0
V101389,2026-08-27,6,74,F,Emergency Medicine,Trauma / acute illness,1,1,8.3,0
V101390,2026-07-09,14,19,M,Paediatrics,Paediatric illness,4,12,6.2,0
V101391,2026-09-11,9,43,F,Neurology,Neurological,4,56,5.8,0
V101392,2026-09-03,11,31,M,Emergency Medicine,Trauma / acute illness,4,52,5.5,0
V101393,2026-08-02,19,38,M,Emergency Medicine,Trauma / acute illness,2,13,4.4,0
V101394,2026-07-31,16,33,M,Neurology,Neurological,2,13,30.0,0
V101395,2026-08-21,16,20,F,Emergency Medicine,Trauma / acute illness,1,3,7.9,0
V101396,2026-09-07,4,73,F,Pulmonology,Respiratory,4,44,7.6,0
V101397,2026-08-15,23,28,F,Paediatrics,Paediatric illness,3,13,2.5,0
V101398,2026-09-16,7,31,F,Pulmonology,Respiratory,5,85,2.2,0
V101399,2026-07-19,21,81,F,General Medicine,Infection / fever,3,43,4.3,0
V101400,2026-09-01,19,18,M,General Medicine,Infection / fever,5,88,1.5,0
V101401,2026-09-13,17,51,M,Emergency Medicine,Trauma / acute illness,3,39,8.3,0
V101402,2026-09-02,9,67,M,Obstetrics & Gynaecology,Obstetric,3,27,17.6,0
V101403,2026-07-31,14,78,M,Cardiology,Cardiovascular,3,13,5.4,0
V101404,2026-08-11,11,50,F,Emergency Medicine,Trauma / acute illness,3,21,8.0,0
V101405,2026-08-12,14,59,F,Cardiology,Cardiovascular,3,33,9.4,0
V101406,2026-07-28,12,67,F,Obstetrics & Gynaecology,Obstetric,5,58,5.0,0
V101407,2026-07-12,3,39,M,Emergency Medicine,Trauma / acute illness,3,31,1.1,0
V101408,2026-07-17,19,26,F,Neurology,Neurological,4,8,8.3,0
V101409,2026-08-27,13,84,F,Orthopaedics,Musculoskeletal,3,17,10.7,0
V101410,2026-07-21,11,56,F,Neurology,Neurological,2,38,10.9,0
V101411,2026-09-10,11,43,M,Obstetrics & Gynaecology,Obstetric,4,53,2.5,0
V101412,2026-09-10,15,20,M,Neurology,Neurological,3,27,8.7,0
V101413,2026-08-06,9,11,M,Paediatrics,Paediatric illness,2,35,30.0,0
V101414,2026-08-02,2,51,F,Emergency Medicine,Trauma / acute illness,3,40,15.2,0
V101415,2026-09-27,16,11,M,Gastroenterology,Gastrointestinal,4,137,3.4,0
V101416,2026-07-02,16,42,F,Pulmonology,Respiratory,2,32,10.8,0
V101417,2026-07-24,12,29,M,Pulmonology,Respiratory,3,26,8.3,0
V101418,2026-09-01,8,33,F,Paediatrics,Paediatric illness,4,15,3.8,0
V101419,2026-09-17,14,75,F,Obstetrics & Gynaecology,Obstetric,5,15,1.9,0
V101420,2026-08-11,6,29,F,Orthopaedics,Musculoskeletal,4,44,3.4,0
V101421,2026-09-03,8,44,F,General Medicine,Infection / fever,5,45,3.3,0
V101422,2026-07-20,10,29,M,General Medicine,Infection / fever,4,15,3.4,0
V101423,2026-09-22,18,49,F,General Medicine,Infection / fever,2,46,8.7,0
V101424,2026-08-22,12,45,M,General Medicine,Infection / fever,5,50,5.5,0
V101425,2026-09-05,11,42,F,General Medicine,Infection / fever,3,29,6.6,0
V101426,2026-07-16,23,67,F,Emergency Medicine,Trauma / acute illness,2,4,10.4,0
V101427,2026-08-14,15,18,M,Emergency Medicine,Trauma / acute illness,2,42,10.1,0
V101428,2026-09-04,15,15,M,Gastroenterology,Gastrointestinal,4,112,3.1,0
V101429,2026-08-07,12,22,M,General Medicine,Infection / fever,5,25,4.2,0
V101430,2026-09-25,10,46,M,Paediatrics,Paediatric illness,5,50,0.8,0
V101431,2026-09-13,2,53,M,Pulmonology,Respiratory,5,47,1.6,0
V101432,2026-07-12,19,7,F,Emergency Medicine,Trauma / acute illness,4,4,5.4,0
V101433,2026-09-14,16,52,M,Emergency Medicine,Trauma / acute illness,1,1,8.8,0
V101434,2026-08-04,13,90,M,Emergency Medicine,Trauma / acute illness,1,1,30.0,0
V101435,2026-08-23,13,35,M,Obstetrics & Gynaecology,Obstetric,2,87,9.3,0
V101436,2026-08-06,17,85,M,Emergency Medicine,Trauma / acute illness,3,4,8.0,1
V101437,2026-09-02,5,51,F,General Medicine,Infection / fever,3,22,3.1,0
V101438,2026-08-08,10,80,M,Paediatrics,Paediatric illness,3,43,6.6,0
V101439,2026-08-11,8,73,M,Obstetrics & Gynaecology,Obstetric,3,15,13.5,0
V101440,2026-08-22,23,35,M,Emergency Medicine,Trauma / acute illness,3,3,3.9,0
V101441,2026-07-20,18,63,M,Emergency Medicine,Trauma / acute illness,1,2,2.3,0
V101442,2026-08-08,2,35,F,Emergency Medicine,Trauma / acute illness,1,1,10.2,1
V101443,2026-07-05,6,90,M,Emergency Medicine,Trauma / acute illness,2,30,10.8,0
V101444,2026-07-06,13,37,M,Emergency Medicine,Trauma / acute illness,4,66,3.3,0
V101445,2026-08-28,11,54,F,Pulmonology,Respiratory,3,13,16.7,0
V101446,2026-07-26,7,98,M,Paediatrics,Paediatric illness,3,16,27.9,1
V101447,2026-08-30,23,55,M,Pulmonology,Respiratory,1,1,13.5,0
V101448,2026-09-07,15,34,M,Pulmonology,Respiratory,4,65,3.6,0
V101449,2026-08-29,16,21,M,Emergency Medicine,Trauma / acute illness,2,33,13.4,0
V101450,2026-08-07,10,18,F,Gastroenterology,Gastrointestinal,3,14,16.8,0
V101451,2026-08-20,17,52,F,Pulmonology,Respiratory,2,61,5.6,0
V101452,2026-09-09,12,40,F,Neurology,Neurological,2,17,15.8,0
V101453,2026-07-31,12,22,M,Paediatrics,Paediatric illness,3,24,6.1,0
V101454,2026-08-07,17,60,M,Cardiology,Cardiovascular,3,17,14.6,0
V101455,2026-07-22,5,59,M,Emergency Medicine,Trauma / acute illness,1,2,5.2,0
V101456,2026-07-19,22,40,M,Emergency Medicine,Trauma / acute illness,3,20,18.2,0
V101457,2026-07-06,14,82,M,General Medicine,Infection / fever,3,84,9.5,1
V101458,2026-07-07,20,16,M,Paediatrics,Paediatric illness,5,47,3.3,0
V101459,2026-07-14,8,34,M,General Medicine,Infection / fever,2,11,3.6,0
V101460,2026-09-08,9,55,F,Gastroenterology,Gastrointestinal,4,29,1.8,1
V101461,2026-08-26,7,24,F,Pulmonology,Respiratory,3,68,8.9,0
V101462,2026-07-08,15,62,F,Emergency Medicine,Trauma / acute illness,2,11,13.6,0
V101463,2026-09-08,14,71,F,Cardiology,Cardiovascular,2,42,8.8,0
V101464,2026-09-06,11,9,M,Orthopaedics,Musculoskeletal,5,8,3.7,0
V101465,2026-09-20,8,83,F,Orthopaedics,Musculoskeletal,3,59,3.9,0
V101466,2026-09-26,7,53,F,General Medicine,Infection / fever,5,23,0.7,1
V101467,2026-07-08,13,32,F,Emergency Medicine,Trauma / acute illness,1,1,12.7,0
V101468,2026-08-17,11,19,F,Orthopaedics,Musculoskeletal,3,88,2.6,0
V101469,2026-09-12,10,66,F,Emergency Medicine,Trauma / acute illness,4,37,2.2,0
V101470,2026-07-22,22,22,M,Paediatrics,Paediatric illness,5,32,1.1,0
V101471,2026-08-23,13,53,M,Emergency Medicine,Trauma / acute illness,3,25,10.0,1
V101472,2026-07-09,20,22,M,Emergency Medicine,Trauma / acute illness,4,29,5.4,0
V101473,2026-07-28,11,42,F,General Medicine,Infection / fever,2,5,22.5,0
V101474,2026-09-27,15,65,F,General Medicine,Infection / fever,5,60,2.9,0
V101475,2026-09-04,13,32,M,General Medicine,Infection / fever,5,13,0.9,0
V101476,2026-07-24,5,83,F,General Medicine,Infection / fever,3,47,11.6,0
V101477,2026-09-28,21,56,F,Obstetrics & Gynaecology,Obstetric,5,13,1.4,0
V101478,2026-07-19,13,24,M,General Medicine,Infection / fever,4,41,3.7,0
V101479,2026-08-04,17,20,M,General Medicine,Infection / fever,2,19,5.6,0
V101480,2026-08-09,10,27,M,General Medicine,Infection / fever,4,28,1.6,0
V101481,2026-08-26,13,41,F,Emergency Medicine,Trauma / acute illness,2,25,30.0,0
V101482,2026-07-24,9,86,M,Pulmonology,Respiratory,4,36,3.6,0
V101483,2026-07-24,20,94,F,Emergency Medicine,Trauma / acute illness,2,75,2.9,0
V101484,2026-08-30,15,32,M,Orthopaedics,Musculoskeletal,3,24,11.3,0
V101485,2026-07-19,15,31,M,Emergency Medicine,Trauma / acute illness,4,5,0.6,0
V101486,2026-07-13,21,60,M,Obstetrics & Gynaecology,Obstetric,5,69,2.0,0
V101487,2026-07-14,20,60,F,General Medicine,Infection / fever,3,53,12.5,0
V101488,2026-07-30,17,76,M,Paediatrics,Paediatric illness,3,14,3.4,0
V101489,2026-07-03,6,77,M,General Medicine,Infection / fever,4,10,5.8,0
V101490,2026-07-04,10,26,M,Emergency Medicine,Trauma / acute illness,2,39,7.3,0
V101491,2026-09-04,8,17,M,Neurology,Neurological,3,29,3.5,0
V101492,2026-08-18,17,56,M,Orthopaedics,Musculoskeletal,4,112,11.3,1
V101493,2026-07-14,14,47,F,Gastroenterology,Gastrointestinal,3,48,5.4,0
V101494,2026-07-23,6,12,M,General Medicine,Infection / fever,2,13,14.9,0
V101495,2026-08-30,13,14,F,Orthopaedics,Musculoskeletal,4,19,8.8,0
V101496,2026-09-11,6,17,M,Neurology,Neurological,1,2,9.9,0
V101497,2026-09-17,13,55,M,Orthopaedics,Musculoskeletal,3,6,2.8,1
V101498,2026-07-20,5,39,M,Cardiology,Cardiovascular,1,0,22.5,0
V101499,2026-09-15,16,55,M,Orthopaedics,Musculoskeletal,2,11,8.2,0
V101500,2026-08-08,15,23,F,Orthopaedics,Musculoskeletal,4,23,4.5,0
V101501,2026-07-27,23,57,F,Obstetrics & Gynaecology,Obstetric,4,27,3.4,0
V101502,2026-08-21,18,50,M,General Medicine,Infection / fever,4,57,8.8,0
V101503,2026-07-12,11,59,F,General Medicine,Infection / fever,3,77,2.5,0
V101504,2026-08-11,18,33,F,Neurology,Neurological,2,59,9.0,0
V101505,2026-08-09,6,29,M,General Medicine,Infection / fever,4,51,1.9,0
V101506,2026-08-23,8,19,M,Gastroenterology,Gastrointestinal,4,20,3.4,0
V101507,2026-07-17,15,36,F,General Medicine,Infection / fever,5,22,4.8,0
V101508,2026-07-06,2,70,F,Emergency Medicine,Trauma / acute illness,3,32,15.5,0
V101509,2026-08-03,13,79,F,Gastroenterology,Gastrointestinal,3,46,7.0,0
V101510,2026-09-27,8,22,M,Emergency Medicine,Trauma / acute illness,1,1,14.3,0
V101511,2026-08-21,14,41,M,Emergency Medicine,Trauma / acute illness,2,25,11.2,0
V101512,2026-08-19,8,87,F,Pulmonology,Respiratory,3,12,4.1,0
V101513,2026-08-27,16,93,F,Gastroenterology,Gastrointestinal,3,8,11.4,0
V101514,2026-08-15,14,35,M,Paediatrics,Paediatric illness,3,42,3.2,0
V101515,2026-07-20,21,73,F,Cardiology,Cardiovascular,2,39,7.7,0
V101516,2026-09-27,14,67,M,Emergency Medicine,Trauma / acute illness,5,118,1.6,0
V101517,2026-07-21,10,64,F,Obstetrics & Gynaecology,Obstetric,3,30,11.4,0
V101518,2026-08-27,12,16,M,Emergency Medicine,Trauma / acute illness,2,6,17.6,0
V101519,2026-09-16,7,31,M,Emergency Medicine,Trauma / acute illness,1,6,14.6,0
V101520,2026-08-29,16,39,F,Cardiology,Cardiovascular,4,125,4.7,0
V101521,2026-09-24,17,38,F,General Medicine,Infection / fever,5,219,1.6,0
V101522,2026-07-17,23,41,F,Paediatrics,Paediatric illness,5,123,3.9,0
V101523,2026-08-27,10,98,F,Gastroenterology,Gastrointestinal,5,50,7.8,0
V101524,2026-07-09,12,36,F,Orthopaedics,Musculoskeletal,4,38,2.4,0
V101525,2026-08-20,11,51,M,Emergency Medicine,Trauma / acute illness,2,49,7.8,0
V101526,2026-07-17,15,50,M,General Medicine,Infection / fever,5,12,0.9,0
V101527,2026-08-29,15,41,F,General Medicine,Infection / fever,4,22,4.7,0
V101528,2026-07-30,13,23,F,Emergency Medicine,Trauma / acute illness,1,2,8.5,0
V101529,2026-07-12,19,44,M,Cardiology,Cardiovascular,3,70,6.2,0
V101530,2026-09-16,10,12,F,Cardiology,Cardiovascular,2,63,15.6,0
V101531,2026-09-19,19,53,M,Emergency Medicine,Trauma / acute illness,3,32,14.0,1
V101532,2026-07-16,16,11,M,Pulmonology,Respiratory,4,12,1.6,0
V101533,2026-07-19,13,51,M,Orthopaedics,Musculoskeletal,2,52,11.2,0
V101534,2026-07-04,12,30,M,Emergency Medicine,Trauma / acute illness,3,10,17.0,0
V101535,2026-08-30,23,24,M,General Medicine,Infection / fever,4,19,6.5,0
V101536,2026-09-19,9,61,F,Gastroenterology,Gastrointestinal,4,33,2.0,0
V101537,2026-07-20,15,34,F,Gastroenterology,Gastrointestinal,4,10,9.1,0
V101538,2026-08-10,10,43,F,Neurology,Neurological,4,21,6.8,0
V101539,2026-09-02,23,16,F,General Medicine,Infection / fever,4,55,6.3,0
V101540,2026-08-09,18,82,F,Neurology,Neurological,3,56,6.9,1
V101541,2026-09-06,10,45,F,Cardiology,Cardiovascular,4,14,6.1,0
V101542,2026-09-06,16,45,M,General Medicine,Infection / fever,5,54,11.6,0
V101543,2026-09-05,15,74,F,Emergency Medicine,Trauma / acute illness,3,7,2.3,0
V101544,2026-09-03,11,54,M,General Medicine,Infection / fever,4,59,3.2,0
V101545,2026-08-08,17,8,F,General Medicine,Infection / fever,4,22,3.5,0
V101546,2026-08-05,16,86,M,Cardiology,Cardiovascular,3,29,1.6,0
V101547,2026-08-24,15,35,F,Gastroenterology,Gastrointestinal,4,41,16.4,0
V101548,2026-07-10,13,83,F,Cardiology,Cardiovascular,4,15,3.0,1
V101549,2026-08-23,16,34,M,Cardiology,Cardiovascular,2,16,3.5,0
V101550,2026-07-03,15,30,F,Emergency Medicine,Trauma / acute illness,4,108,1.1,0
V101551,2026-09-03,14,52,M,General Medicine,Infection / fever,4,31,3.2,0
V101552,2026-08-24,10,98,M,Cardiology,Cardiovascular,1,3,17.0,0
V101553,2026-08-14,22,73,M,General Medicine,Infection / fever,3,28,7.8,0
V101554,2026-07-28,8,55,M,Emergency Medicine,Trauma / acute illness,2,51,4.2,0
V101555,2026-08-15,16,52,M,Gastroenterology,Gastrointestinal,4,66,6.1,0
V101556,2026-08-27,12,44,F,Paediatrics,Paediatric illness,4,15,4.5,0
V101557,2026-08-31,23,82,M,General Medicine,Infection / fever,2,55,22.1,1
V101558,2026-09-22,9,61,F,Orthopaedics,Musculoskeletal,5,98,1.3,0
V101559,2026-07-16,10,18,M,Neurology,Neurological,4,15,2.4,0
V101560,2026-07-04,8,24,M,Obstetrics & Gynaecology,Obstetric,5,24,4.0,0
V101561,2026-08-28,15,56,F,Pulmonology,Respiratory,4,35,1.8,0
V101562,2026-07-15,6,22,M,Paediatrics,Paediatric illness,4,22,1.1,0
V101563,2026-07-14,11,45,M,Paediatrics,Paediatric illness,5,65,2.2,0
V101564,2026-07-25,2,64,M,Gastroenterology,Gastrointestinal,3,22,9.7,1
V101565,2026-09-04,15,52,F,General Medicine,Infection / fever,4,25,1.0,0
V101566,2026-07-06,11,20,M,Emergency Medicine,Trauma / acute illness,2,47,17.4,1
V101567,2026-08-05,6,25,F,Emergency Medicine,Trauma / acute illness,1,0,2.2,0
V101568,2026-07-10,19,53,F,General Medicine,Infection / fever,4,45,2.8,0
V101569,2026-09-14,7,98,M,General Medicine,Infection / fever,3,36,7.9,0
V101570,2026-09-07,18,40,M,General Medicine,Infection / fever,4,92,11.1,0
V101571,2026-07-08,10,65,M,Pulmonology,Respiratory,4,40,11.6,1
V101572,2026-07-25,22,52,M,Pulmonology,Respiratory,4,6,5.1,0
V101573,2026-08-11,17,30,M,Neurology,Neurological,2,33,6.3,0
V101574,2026-08-11,8,65,F,Emergency Medicine,Trauma / acute illness,2,4,6.7,0
V101575,2026-07-16,9,16,F,Emergency Medicine,Trauma / acute illness,2,29,30.0,1
V101576,2026-08-11,17,63,M,Gastroenterology,Gastrointestinal,3,73,14.8,0
V101577,2026-09-17,12,54,M,Neurology,Neurological,2,28,11.8,0
V101578,2026-07-20,13,31,F,Obstetrics & Gynaecology,Obstetric,4,33,5.2,0
V101579,2026-07-12,20,23,F,Paediatrics,Paediatric illness,4,65,4.9,0
V101580,2026-08-04,10,33,F,Paediatrics,Paediatric illness,4,49,0.7,0
V101581,2026-08-13,14,28,M,Cardiology,Cardiovascular,2,48,0.3,0
V101582,2026-07-26,18,37,F,General Medicine,Infection / fever,5,163,1.9,0
V101583,2026-07-10,18,35,M,Cardiology,Cardiovascular,4,27,1.6,0
V101584,2026-07-08,13,31,M,Pulmonology,Respiratory,2,41,10.5,0
V101585,2026-09-10,12,15,M,Paediatrics,Paediatric illness,5,108,2.5,0
V101586,2026-07-12,4,21,F,Cardiology,Cardiovascular,3,64,1.6,0
V101587,2026-07-26,8,70,M,Pulmonology,Respiratory,3,37,9.2,0
V101588,2026-09-07,15,32,M,Cardiology,Cardiovascular,3,28,8.3,0
V101589,2026-08-23,13,37,F,Emergency Medicine,Trauma / acute illness,2,47,10.9,0
V101590,2026-07-03,14,34,F,Emergency Medicine,Trauma / acute illness,3,55,4.0,0
V101591,2026-07-16,19,82,F,Emergency Medicine,Trauma / acute illness,2,54,13.7,0
V101592,2026-08-12,7,28,F,Paediatrics,Paediatric illness,4,12,6.5,0
V101593,2026-08-01,12,27,F,General Medicine,Infection / fever,2,91,12.4,0
V101594,2026-09-28,14,55,F,Neurology,Neurological,3,86,5.4,0
V101595,2026-07-11,10,46,M,Orthopaedics,Musculoskeletal,4,37,12.1,0
V101596,2026-07-03,21,55,F,Emergency Medicine,Trauma / acute illness,3,60,15.7,0
V101597,2026-08-19,18,54,F,Emergency Medicine,Trauma / acute illness,3,31,7.0,0
V101598,2026-09-25,15,66,M,Neurology,Neurological,3,93,4.9,1
V101599,2026-07-01,23,20,M,Cardiology,Cardiovascular,4,31,2.2,0
V101600,2026-09-13,6,52,M,Paediatrics,Paediatric illness,4,14,6.6,0
V101601,2026-09-28,13,27,M,Emergency Medicine,Trauma / acute illness,3,120,2.0,0
V101602,2026-08-07,15,13,M,Orthopaedics,Musculoskeletal,4,67,7.0,0
V101603,2026-08-07,9,54,F,Neurology,Neurological,5,28,0.6,0
V101604,2026-09-28,15,52,M,Emergency Medicine,Trauma / acute illness,2,86,8.2,0
V101605,2026-08-26,8,42,F,Cardiology,Cardiovascular,3,41,9.9,0
V101606,2026-08-19,17,67,M,Obstetrics & Gynaecology,Obstetric,3,27,4.7,1
V101607,2026-07-26,19,27,F,Cardiology,Cardiovascular,4,112,8.6,0
V101608,2026-09-22,15,58,M,General Medicine,Infection / fever,3,61,4.9,0
V101609,2026-07-23,4,39,F,General Medicine,Infection / fever,3,33,6.6,0
V101610,2026-08-05,8,40,M,Cardiology,Cardiovascular,2,23,1.1,0
V101611,2026-09-15,16,14,F,Gastroenterology,Gastrointestinal,4,18,1.1,0
V101612,2026-08-15,14,67,M,Gastroenterology,Gastrointestinal,3,3,2.1,0
V101613,2026-09-07,0,51,M,General Medicine,Infection / fever,2,37,15.0,0
V101614,2026-09-28,20,57,F,Neurology,Neurological,3,14,4.7,0
V101615,2026-08-27,14,25,M,Emergency Medicine,Trauma / acute illness,1,1,22.9,0
V101616,2026-07-15,9,48,F,Emergency Medicine,Trauma / acute illness,3,23,0.5,0
V101617,2026-09-06,19,39,F,Pulmonology,Respiratory,5,40,3.0,1
V101618,2026-08-23,10,52,F,Obstetrics & Gynaecology,Obstetric,4,21,0.5,0
V101619,2026-07-16,10,47,M,Emergency Medicine,Trauma / acute illness,4,64,2.1,0
V101620,2026-07-10,15,90,F,Emergency Medicine,Trauma / acute illness,2,7,9.3,0
V101621,2026-09-23,23,77,M,General Medicine,Infection / fever,5,52,2.7,0
V101622,2026-07-10,22,37,M,Gastroenterology,Gastrointestinal,3,21,8.2,0
V101623,2026-08-10,15,54,F,Emergency Medicine,Trauma / acute illness,1,1,6.7,0
V101624,2026-09-27,16,35,F,General Medicine,Infection / fever,4,10,3.7,0
V101625,2026-09-17,18,66,F,Gastroenterology,Gastrointestinal,5,50,2.1,0
V101626,2026-09-14,7,40,F,General Medicine,Infection / fever,4,11,6.9,1
V101627,2026-09-05,17,32,M,Emergency Medicine,Trauma / acute illness,2,10,9.6,0
V101628,2026-08-12,10,48,F,Emergency Medicine,Trauma / acute illness,3,85,9.0,0
V101629,2026-07-26,15,74,M,General Medicine,Infection / fever,4,11,5.5,0
V101630,2026-09-19,12,68,M,General Medicine,Infection / fever,4,9,9.0,0
V101631,2026-08-21,16,33,F,Neurology,Neurological,5,67,1.4,0
V101632,2026-08-05,14,86,M,Orthopaedics,Musculoskeletal,3,42,8.1,0
V101633,2026-09-25,0,26,M,Orthopaedics,Musculoskeletal,5,21,12.5,0
V101634,2026-08-03,14,30,M,Obstetrics & Gynaecology,Obstetric,5,19,0.7,0
V101635,2026-07-04,17,64,F,General Medicine,Infection / fever,3,19,14.3,0
V101636,2026-08-24,16,13,M,General Medicine,Infection / fever,4,26,18.0,0
V101637,2026-08-08,13,43,M,Paediatrics,Paediatric illness,5,62,3.2,0
V101638,2026-08-26,22,36,M,Cardiology,Cardiovascular,3,30,0.3,0
V101639,2026-08-25,15,89,M,Orthopaedics,Musculoskeletal,4,29,2.8,0
V101640,2026-08-26,16,24,M,Gastroenterology,Gastrointestinal,2,23,11.0,0
V101641,2026-07-31,19,25,M,Emergency Medicine,Trauma / acute illness,3,55,6.5,0
V101642,2026-07-23,15,95,F,General Medicine,Infection / fever,4,20,13.7,0
V101643,2026-07-29,9,37,M,Emergency Medicine,Trauma / acute illness,2,5,25.5,1
V101644,2026-09-25,1,72,F,Emergency Medicine,Trauma / acute illness,2,52,9.4,1
V101645,2026-09-06,11,34,M,General Medicine,Infection / fever,4,29,4.3,0
V101646,2026-08-05,17,30,F,Cardiology,Cardiovascular,2,98,5.7,0
V101647,2026-09-21,12,74,M,Gastroenterology,Gastrointestinal,3,23,10.5,0
V101648,2026-09-07,18,98,M,Paediatrics,Paediatric illness,3,34,4.2,0
V101649,2026-08-18,14,77,M,Gastroenterology,Gastrointestinal,5,20,3.2,0
V101650,2026-09-11,20,33,F,Cardiology,Cardiovascular,4,46,2.1,0
V101651,2026-09-24,12,42,M,Cardiology,Cardiovascular,2,23,10.4,0
V101652,2026-08-21,16,26,F,Cardiology,Cardiovascular,5,36,4.6,0
V101653,2026-07-10,16,28,F,Emergency Medicine,Trauma / acute illness,2,32,2.3,0
V101654,2026-08-08,21,27,M,Paediatrics,Paediatric illness,4,20,3.7,0
V101655,2026-07-21,5,34,M,General Medicine,Infection / fever,5,37,5.6,0
V101656,2026-09-01,11,45,M,Emergency Medicine,Trauma / acute illness,1,1,30.0,1
V101657,2026-07-08,18,43,M,Neurology,Neurological,3,39,4.3,0
V101658,2026-08-12,22,60,M,General Medicine,Infection / fever,3,5,3.3,0
V101659,2026-08-09,15,46,F,Emergency Medicine,Trauma / acute illness,3,10,0.3,0
V101660,2026-08-04,12,57,F,Emergency Medicine,Trauma / acute illness,3,16,14.7,0
V101661,2026-08-26,17,62,M,Orthopaedics,Musculoskeletal,4,14,9.4,0
V101662,2026-08-19,18,33,M,Gastroenterology,Gastrointestinal,4,15,4.8,0
V101663,2026-07-19,12,39,M,Emergency Medicine,Trauma / acute illness,3,47,28.9,0
V101664,2026-09-11,15,98,F,Paediatrics,Paediatric illness,4,30,5.5,0
V101665,2026-08-10,20,31,F,Neurology,Neurological,3,24,15.0,0
V101666,2026-07-15,23,59,F,Neurology,Neurological,3,30,4.5,0
V101667,2026-08-31,17,21,M,Emergency Medicine,Trauma / acute illness,4,48,3.6,0
V101668,2026-08-05,14,63,F,Emergency Medicine,Trauma / acute illness,3,22,8.2,0
V101669,2026-08-27,13,29,F,Neurology,Neurological,3,67,3.2,0
V101670,2026-09-06,16,43,M,Cardiology,Cardiovascular,1,2,20.5,0
V101671,2026-08-26,13,19,F,Pulmonology,Respiratory,2,44,9.8,0
V101672,2026-09-23,14,41,F,Gastroenterology,Gastrointestinal,3,20,1.1,0
V101673,2026-08-24,8,42,M,Emergency Medicine,Trauma / acute illness,2,25,20.4,0
V101674,2026-08-04,20,38,F,Gastroenterology,Gastrointestinal,3,54,3.0,0
V101675,2026-09-27,8,53,M,Paediatrics,Paediatric illness,4,41,2.2,0
V101676,2026-08-16,11,71,M,Orthopaedics,Musculoskeletal,3,46,6.6,0
V101677,2026-09-03,14,25,F,General Medicine,Infection / fever,3,19,9.5,0
V101678,2026-07-30,23,39,F,Paediatrics,Paediatric illness,4,10,5.7,0
V101679,2026-09-20,11,20,M,General Medicine,Infection / fever,5,13,6.3,1
V101680,2026-09-23,10,15,M,Gastroenterology,Gastrointestinal,3,23,8.3,0
V101681,2026-09-24,11,46,M,Neurology,Neurological,3,22,1.6,0
V101682,2026-08-04,22,24,F,Gastroenterology,Gastrointestinal,2,28,3.5,0
V101683,2026-09-16,0,42,M,Cardiology,Cardiovascular,2,21,1.9,0
V101684,2026-08-30,8,47,F,Emergency Medicine,Trauma / acute illness,2,7,1.9,1
V101685,2026-07-09,23,16,F,Emergency Medicine,Trauma / acute illness,4,50,3.3,1
V101686,2026-09-21,17,51,M,General Medicine,Infection / fever,3,38,14.5,0
V101687,2026-08-17,8,69,F,General Medicine,Infection / fever,3,13,8.5,0
V101688,2026-08-17,13,56,F,Pulmonology,Respiratory,3,20,9.8,1
V101689,2026-08-04,14,25,F,General Medicine,Infection / fever,4,89,8.1,0
V101690,2026-09-15,18,41,F,Gastroenterology,Gastrointestinal,3,12,15.3,0
V101691,2026-07-09,23,43,M,Paediatrics,Paediatric illness,5,76,1.2,1
V101692,2026-08-04,16,39,F,Cardiology,Cardiovascular,3,26,13.8,0
V101693,2026-08-20,11,20,F,Gastroenterology,Gastrointestinal,4,31,8.4,0
V101694,2026-07-18,18,27,F,Orthopaedics,Musculoskeletal,4,46,3.2,0
V101695,2026-07-20,10,38,M,General Medicine,Infection / fever,4,9,2.2,1
V101696,2026-08-25,8,47,M,Emergency Medicine,Trauma / acute illness,4,31,3.9,0
V101697,2026-08-22,4,31,F,Gastroenterology,Gastrointestinal,5,49,6.2,0
V101698,2026-09-12,5,9,M,Obstetrics & Gynaecology,Obstetric,3,17,15.1,0
V101699,2026-09-12,9,14,M,Orthopaedics,Musculoskeletal,5,29,1.6,0
V101700,2026-07-02,7,32,M,Paediatrics,Paediatric illness,4,95,9.4,0
V101701,2026-08-05,15,90,M,Obstetrics & Gynaecology,Obstetric,4,64,8.5,0
V101702,2026-09-15,7,51,F,General Medicine,Infection / fever,4,13,6.4,0
V101703,2026-09-24,0,46,M,Orthopaedics,Musculoskeletal,4,18,11.6,0
V101704,2026-07-09,8,27,M,General Medicine,Infection / fever,5,24,2.8,0
V101705,2026-09-07,11,33,M,Obstetrics & Gynaecology,Obstetric,5,74,2.3,0
V101706,2026-07-21,10,13,M,Emergency Medicine,Trauma / acute illness,4,17,0.6,0
V101707,2026-09-11,21,26,M,General Medicine,Infection / fever,4,41,8.0,0
V101708,2026-08-10,10,49,M,Paediatrics,Paediatric illness,4,56,2.1,0
V101709,2026-07-11,18,46,F,Cardiology,Cardiovascular,1,2,4.5,0
V101710,2026-07-19,13,30,M,Gastroenterology,Gastrointestinal,2,53,9.6,0
V101711,2026-09-23,13,39,M,General Medicine,Infection / fever,4,18,1.7,0
V101712,2026-09-08,9,43,M,Obstetrics & Gynaecology,Obstetric,3,51,9.1,0
V101713,2026-07-04,13,31,F,Paediatrics,Paediatric illness,5,8,2.6,0
V101714,2026-09-24,10,52,M,Cardiology,Cardiovascular,2,13,9.9,0
V101715,2026-09-14,14,46,F,Gastroenterology,Gastrointestinal,3,7,5.9,0
V101716,2026-08-19,12,34,F,Cardiology,Cardiovascular,2,15,15.7,0
V101717,2026-07-03,9,21,F,Pulmonology,Respiratory,4,42,6.1,0
V101718,2026-08-09,19,33,F,Orthopaedics,Musculoskeletal,3,42,9.0,0
V101719,2026-07-15,16,31,F,Neurology,Neurological,3,37,3.4,0
V101720,2026-08-02,11,30,F,Emergency Medicine,Trauma / acute illness,3,17,6.3,0
V101721,2026-07-29,14,16,F,Emergency Medicine,Trauma / acute illness,3,31,3.3,0
V101722,2026-09-03,13,78,F,Orthopaedics,Musculoskeletal,4,78,5.4,1
V101723,2026-09-05,9,77,F,Pulmonology,Respiratory,3,13,5.0,1
V101724,2026-07-16,14,39,M,General Medicine,Infection / fever,2,16,8.1,0
V101725,2026-09-19,10,47,M,Emergency Medicine,Trauma / acute illness,2,16,8.4,0
V101726,2026-08-30,9,52,F,Cardiology,Cardiovascular,3,27,6.1,0
V101727,2026-08-29,5,39,M,Neurology,Neurological,3,35,12.0,0
V101728,2026-09-08,12,48,M,Emergency Medicine,Trauma / acute illness,2,48,13.3,0
V101729,2026-09-04,16,55,M,General Medicine,Infection / fever,5,32,0.7,0
V101730,2026-09-09,10,45,F,Paediatrics,Paediatric illness,4,27,3.7,0
V101731,2026-07-27,23,60,M,Emergency Medicine,Trauma / acute illness,2,13,9.9,0
V101732,2026-08-31,18,29,F,Gastroenterology,Gastrointestinal,3,45,3.7,0
V101733,2026-09-26,20,41,F,Cardiology,Cardiovascular,5,10,2.6,0
V101734,2026-09-06,18,98,M,Neurology,Neurological,3,28,5.3,0
V101735,2026-08-06,23,67,F,Gastroenterology,Gastrointestinal,5,26,3.4,0
V101736,2026-08-26,9,45,F,Paediatrics,Paediatric illness,3,37,3.0,0
V101737,2026-09-21,0,25,F,Emergency Medicine,Trauma / acute illness,2,7,8.1,0
V101738,2026-08-28,11,42,M,Pulmonology,Respiratory,3,53,10.2,0
V101739,2026-09-09,16,65,F,Gastroenterology,Gastrointestinal,4,49,7.4,0
V101740,2026-09-19,14,58,F,Cardiology,Cardiovascular,3,97,6.7,0
V101741,2026-08-03,15,14,F,Emergency Medicine,Trauma / acute illness,2,75,30.0,0
V101742,2026-07-31,20,17,F,Emergency Medicine,Trauma / acute illness,2,58,11.4,0
V101743,2026-07-31,15,17,F,Obstetrics & Gynaecology,Obstetric,3,5,11.4,0
V101744,2026-08-03,18,52,F,Orthopaedics,Musculoskeletal,4,13,10.4,0
V101745,2026-08-31,9,17,F,Orthopaedics,Musculoskeletal,5,56,1.2,0
V101746,2026-08-13,8,24,F,Gastroenterology,Gastrointestinal,3,21,10.1,0
V101747,2026-09-23,22,38,M,Pulmonology,Respiratory,4,71,5.3,0
V101748,2026-08-31,14,70,M,General Medicine,Infection / fever,5,42,4.6,0
V101749,2026-08-30,10,53,F,General Medicine,Infection / fever,4,55,8.8,0
V101750,2026-09-24,10,36,F,Orthopaedics,Musculoskeletal,3,47,3.2,0
V101751,2026-09-16,10,61,M,Emergency Medicine,Trauma / acute illness,3,33,23.2,0
V101752,2026-07-03,10,98,M,Paediatrics,Paediatric illness,3,61,8.2,0
V101753,2026-09-25,7,42,F,Neurology,Neurological,3,38,5.2,0
V101754,2026-09-18,6,20,F,Cardiology,Cardiovascular,2,8,0.7,0
V101755,2026-07-30,12,25,M,Pulmonology,Respiratory,2,104,20.0,0
V101756,2026-07-22,10,25,F,Emergency Medicine,Trauma / acute illness,2,10,16.7,0
V101757,2026-08-18,19,28,F,Obstetrics & Gynaecology,Obstetric,3,18,5.8,0
V101758,2026-09-28,15,35,F,Paediatrics,Paediatric illness,4,55,0.7,0
V101759,2026-08-24,15,47,M,Paediatrics,Paediatric illness,5,53,2.4,0
V101760,2026-08-22,10,18,F,Cardiology,Cardiovascular,5,68,0.6,0
V101761,2026-07-20,13,20,F,Emergency Medicine,Trauma / acute illness,3,27,13.9,0
V101762,2026-09-19,15,55,F,Emergency Medicine,Trauma / acute illness,3,45,5.6,0
V101763,2026-09-10,17,31,M,Emergency Medicine,Trauma / acute illness,3,19,3.0,0
V101764,2026-07-06,13,26,M,Emergency Medicine,Trauma / acute illness,2,29,10.8,0
V101765,2026-07-24,19,37,M,Emergency Medicine,Trauma / acute illness,1,6,15.0,0
V101766,2026-09-18,14,76,M,Obstetrics & Gynaecology,Obstetric,5,15,4.5,0
V101767,2026-09-02,18,59,M,Emergency Medicine,Trauma / acute illness,2,56,4.2,0
V101768,2026-08-06,11,57,F,Emergency Medicine,Trauma / acute illness,4,32,8.7,0
V101769,2026-08-17,4,88,M,Neurology,Neurological,3,12,6.9,0
V101770,2026-07-12,15,48,M,Pulmonology,Respiratory,2,15,1.0,0
V101771,2026-09-14,17,92,F,Gastroenterology,Gastrointestinal,4,32,5.4,0
V101772,2026-08-26,16,96,M,Orthopaedics,Musculoskeletal,5,82,3.3,0
V101773,2026-08-16,16,19,F,Paediatrics,Paediatric illness,5,56,2.0,0
V101774,2026-08-25,12,16,F,Orthopaedics,Musculoskeletal,3,11,8.2,0
V101775,2026-08-22,9,24,F,General Medicine,Infection / fever,3,46,19.9,0
V101776,2026-08-09,16,72,M,Orthopaedics,Musculoskeletal,3,55,7.6,0
V101777,2026-07-17,16,37,M,General Medicine,Infection / fever,4,7,4.7,0
V101778,2026-08-13,11,35,M,Cardiology,Cardiovascular,4,17,2.9,0
V101779,2026-09-11,19,62,M,General Medicine,Infection / fever,5,88,2.1,0
V101780,2026-07-05,9,31,F,Emergency Medicine,Trauma / acute illness,1,2,16.5,0
V101781,2026-08-06,10,45,M,Gastroenterology,Gastrointestinal,4,69,6.7,0
V101782,2026-09-12,22,55,F,Cardiology,Cardiovascular,3,2,16.5,0
V101783,2026-08-22,18,25,M,Emergency Medicine,Trauma / acute illness,3,2,1.0,0
V101784,2026-07-03,12,22,F,Cardiology,Cardiovascular,3,51,12.1,0
V101785,2026-09-15,15,42,F,Neurology,Neurological,4,23,7.3,1
V101786,2026-07-05,14,45,M,Cardiology,Cardiovascular,4,59,1.1,0
V101787,2026-08-13,0,59,F,Orthopaedics,Musculoskeletal,3,46,16.2,0
V101788,2026-07-11,9,23,F,Neurology,Neurological,3,16,2.0,0
V101789,2026-07-25,13,28,M,Emergency Medicine,Trauma / acute illness,2,27,13.5,0
V101790,2026-08-05,12,96,M,Gastroenterology,Gastrointestinal,2,22,2.3,0
V101791,2026-07-24,15,66,F,Cardiology,Cardiovascular,3,21,4.2,0
V101792,2026-09-17,19,39,M,Emergency Medicine,Trauma / acute illness,4,43,6.9,0
V101793,2026-08-20,12,71,M,Orthopaedics,Musculoskeletal,2,51,15.4,0
V101794,2026-08-02,8,24,F,Paediatrics,Paediatric illness,4,15,4.0,1
V101795,2026-07-27,15,37,F,Cardiology,Cardiovascular,3,18,17.3,0
V101796,2026-08-14,12,6,M,Pulmonology,Respiratory,4,24,6.8,0
V101797,2026-07-31,13,45,M,Cardiology,Cardiovascular,2,42,17.8,0
V101798,2026-09-11,12,34,F,Pulmonology,Respiratory,2,54,8.2,0
V101799,2026-07-22,23,35,M,Pulmonology,Respiratory,2,16,3.4,0
V101800,2026-09-01,2,58,M,Pulmonology,Respiratory,4,4,1.7,0
V101801,2026-08-10,11,67,M,Pulmonology,Respiratory,2,12,8.0,0
V101802,2026-07-24,13,33,M,Emergency Medicine,Trauma / acute illness,2,21,4.1,0
V101803,2026-08-11,9,19,M,Orthopaedics,Musculoskeletal,5,15,1.0,0
V101804,2026-07-11,18,17,F,Orthopaedics,Musculoskeletal,3,11,1.3,0
V101805,2026-08-17,18,12,M,Orthopaedics,Musculoskeletal,4,38,3.6,0
V101806,2026-09-03,13,88,M,Emergency Medicine,Trauma / acute illness,3,137,2.5,0
V101807,2026-08-23,12,58,M,General Medicine,Infection / fever,5,18,1.8,0
V101808,2026-07-02,13,52,M,General Medicine,Infection / fever,3,39,0.9,0
V101809,2026-08-22,13,30,F,Emergency Medicine,Trauma / acute illness,2,41,6.5,1
V101810,2026-07-03,13,30,F,Emergency Medicine,Trauma / acute illness,3,50,9.9,0
V101811,2026-08-03,13,68,M,General Medicine,Infection / fever,5,39,2.2,0
V101812,2026-08-27,15,16,F,Gastroenterology,Gastrointestinal,3,11,8.3,0
V101813,2026-09-20,17,33,F,Emergency Medicine,Trauma / acute illness,2,50,10.5,0
V101814,2026-09-26,7,72,M,Neurology,Neurological,3,6,5.0,0
V101815,2026-08-16,8,33,F,Pulmonology,Respiratory,4,24,0.8,0
V101816,2026-07-20,4,57,M,Gastroenterology,Gastrointestinal,5,25,4.1,0
V101817,2026-09-13,18,40,F,General Medicine,Infection / fever,3,12,3.7,0
V101818,2026-08-02,15,7,M,General Medicine,Infection / fever,3,21,18.8,0
V101819,2026-08-20,16,39,F,Pulmonology,Respiratory,3,48,11.8,0
V101820,2026-07-18,6,43,M,Paediatrics,Paediatric illness,5,27,3.5,0
V101821,2026-08-03,23,37,M,General Medicine,Infection / fever,4,7,1.3,0
V101822,2026-08-13,10,21,F,General Medicine,Infection / fever,4,60,7.0,0
V101823,2026-09-05,14,37,M,Pulmonology,Respiratory,2,84,19.2,0
V101824,2026-09-19,18,13,F,Gastroenterology,Gastrointestinal,5,13,2.3,0
V101825,2026-07-16,8,33,F,Emergency Medicine,Trauma / acute illness,3,23,8.4,0
V101826,2026-08-20,11,59,M,General Medicine,Infection / fever,5,39,3.3,0
V101827,2026-09-26,14,85,M,General Medicine,Infection / fever,3,10,16.7,0
V101828,2026-07-02,23,78,M,Paediatrics,Paediatric illness,3,53,10.2,0
V101829,2026-08-21,15,23,M,General Medicine,Infection / fever,3,32,9.7,0
V101830,2026-09-08,22,18,M,General Medicine,Infection / fever,2,38,10.8,0
V101831,2026-07-10,20,45,F,Obstetrics & Gynaecology,Obstetric,5,50,6.4,0
V101832,2026-08-30,15,41,F,General Medicine,Infection / fever,4,79,4.8,0
V101833,2026-08-07,8,55,M,Emergency Medicine,Trauma / acute illness,3,30,9.7,0
V101834,2026-08-24,19,29,F,Emergency Medicine,Trauma / acute illness,1,2,27.0,0
V101835,2026-09-03,6,42,M,Emergency Medicine,Trauma / acute illness,2,30,6.2,0
V101836,2026-07-13,22,41,M,Emergency Medicine,Trauma / acute illness,3,12,21.6,0
V101837,2026-07-07,15,34,M,General Medicine,Infection / fever,5,61,1.4,1
V101838,2026-07-29,0,15,F,Gastroenterology,Gastrointestinal,3,11,3.0,0
V101839,2026-07-24,12,58,M,Gastroenterology,Gastrointestinal,5,37,3.3,0
V101840,2026-07-26,17,45,F,Emergency Medicine,Trauma / acute illness,3,26,4.1,0
V101841,2026-09-22,12,60,M,Pulmonology,Respiratory,3,38,18.6,0
V101842,2026-08-31,17,68,M,Emergency Medicine,Trauma / acute illness,4,87,18.7,0
V101843,2026-08-02,9,39,M,Paediatrics,Paediatric illness,3,15,3.1,0
V101844,2026-08-24,7,59,F,Emergency Medicine,Trauma / acute illness,4,47,1.9,0
V101845,2026-07-15,13,86,F,Pulmonology,Respiratory,3,72,3.9,0
V101846,2026-07-17,14,98,F,Cardiology,Cardiovascular,2,48,2.2,0
V101847,2026-07-09,12,48,M,Orthopaedics,Musculoskeletal,5,47,1.3,0
V101848,2026-08-08,20,50,M,General Medicine,Infection / fever,4,41,9.3,0
V101849,2026-08-25,9,47,M,Gastroenterology,Gastrointestinal,4,16,6.8,0
V101850,2026-08-15,15,54,F,Emergency Medicine,Trauma / acute illness,4,9,3.8,0
V101851,2026-08-20,14,66,F,Paediatrics,Paediatric illness,5,41,4.3,0
V101852,2026-07-15,5,47,M,General Medicine,Infection / fever,5,70,0.7,0
V101853,2026-08-28,7,97,M,Gastroenterology,Gastrointestinal,1,5,13.2,0
V101854,2026-08-19,14,90,M,Neurology,Neurological,3,9,9.4,0
V101855,2026-09-25,23,43,F,Obstetrics & Gynaecology,Obstetric,4,67,5.2,0
V101856,2026-07-23,17,42,F,Emergency Medicine,Trauma / acute illness,2,41,5.2,0
V101857,2026-07-06,5,32,M,Cardiology,Cardiovascular,3,32,3.8,0
V101858,2026-08-10,0,55,M,Cardiology,Cardiovascular,3,56,10.9,0
V101859,2026-07-18,17,35,M,Cardiology,Cardiovascular,4,70,7.0,0
V101860,2026-07-16,13,32,M,Pulmonology,Respiratory,3,14,0.8,0
V101861,2026-07-22,19,54,M,Obstetrics & Gynaecology,Obstetric,5,22,0.3,1
V101862,2026-08-31,9,22,M,Obstetrics & Gynaecology,Obstetric,5,6,8.3,0
V101863,2026-08-08,15,67,M,General Medicine,Infection / fever,4,48,6.8,0
V101864,2026-09-17,18,56,F,Orthopaedics,Musculoskeletal,4,18,5.2,0
V101865,2026-07-11,11,88,F,Neurology,Neurological,4,25,3.4,0
V101866,2026-09-22,11,48,M,Paediatrics,Paediatric illness,5,87,1.7,0
V101867,2026-08-06,14,60,M,Emergency Medicine,Trauma / acute illness,2,41,5.5,0
V101868,2026-08-18,16,9,M,General Medicine,Infection / fever,5,59,4.7,0
V101869,2026-09-12,13,64,F,Neurology,Neurological,3,117,13.6,0
V101870,2026-08-14,19,75,M,Cardiology,Cardiovascular,4,1,6.9,0
V101871,2026-07-15,11,45,F,General Medicine,Infection / fever,5,21,2.5,0
V101872,2026-07-22,7,32,F,Obstetrics & Gynaecology,Obstetric,3,19,9.6,0
V101873,2026-09-21,23,49,M,Obstetrics & Gynaecology,Obstetric,5,16,2.5,0
V101874,2026-07-07,10,67,M,Paediatrics,Paediatric illness,2,51,15.8,0
V101875,2026-09-21,11,71,F,Gastroenterology,Gastrointestinal,4,31,12.7,1
V101876,2026-08-30,13,15,M,Cardiology,Cardiovascular,2,11,8.5,0
V101877,2026-08-16,14,98,M,Cardiology,Cardiovascular,4,45,3.4,0
V101878,2026-07-29,11,32,F,Pulmonology,Respiratory,4,50,5.1,0
V101879,2026-09-16,13,60,F,Pulmonology,Respiratory,3,14,4.3,0
V101880,2026-07-03,13,80,M,General Medicine,Infection / fever,3,29,3.7,0
V101881,2026-09-03,14,41,M,Orthopaedics,Musculoskeletal,3,45,15.6,0
V101882,2026-07-19,1,72,M,General Medicine,Infection / fever,3,53,8.5,0
V101883,2026-08-02,23,15,F,Gastroenterology,Gastrointestinal,4,16,3.4,0
V101884,2026-07-06,13,12,M,Cardiology,Cardiovascular,2,43,10.9,0
V101885,2026-08-20,17,74,M,Cardiology,Cardiovascular,3,21,5.8,0
V101886,2026-07-14,6,69,F,Emergency Medicine,Trauma / acute illness,3,26,17.1,0
V101887,2026-07-11,11,52,M,Emergency Medicine,Trauma / acute illness,2,13,30.0,0
V101888,2026-07-30,10,67,F,Neurology,Neurological,2,42,7.6,0
V101889,2026-08-14,21,92,M,General Medicine,Infection / fever,4,54,5.3,0
V101890,2026-09-24,10,81,F,Emergency Medicine,Trauma / acute illness,2,26,13.1,0
V101891,2026-09-13,17,42,F,Gastroenterology,Gastrointestinal,5,34,0.8,0
V101892,2026-08-06,10,48,F,Pulmonology,Respiratory,4,28,0.7,0
V101893,2026-08-22,11,38,F,Emergency Medicine,Trauma / acute illness,4,13,9.8,0
V101894,2026-09-08,12,36,F,Cardiology,Cardiovascular,4,61,3.4,0
V101895,2026-08-04,20,63,F,Emergency Medicine,Trauma / acute illness,5,89,1.6,0
V101896,2026-09-08,4,38,M,Orthopaedics,Musculoskeletal,5,17,3.1,0
V101897,2026-08-29,7,63,F,Cardiology,Cardiovascular,1,2,5.4,0
V101898,2026-09-02,3,41,F,Emergency Medicine,Trauma / acute illness,1,3,7.7,1
V101899,2026-09-26,8,44,F,Emergency Medicine,Trauma / acute illness,2,14,3.1,0
V101900,2026-08-03,9,27,M,Pulmonology,Respiratory,4,69,0.8,0
V101901,2026-07-07,5,63,F,Emergency Medicine,Trauma / acute illness,2,25,6.1,1
V101902,2026-08-18,10,15,M,Neurology,Neurological,4,10,2.2,0
V101903,2026-07-30,3,75,F,Emergency Medicine,Trauma / acute illness,2,43,5.0,0
V101904,2026-07-06,8,98,F,Pulmonology,Respiratory,2,20,10.5,0
V101905,2026-07-15,20,44,M,General Medicine,Infection / fever,3,24,11.8,0
V101906,2026-08-18,16,43,M,General Medicine,Infection / fever,4,58,8.0,0
V101907,2026-09-25,14,18,M,Emergency Medicine,Trauma / acute illness,3,22,11.6,0
V101908,2026-07-31,8,33,F,Gastroenterology,Gastrointestinal,3,59,3.7,0
V101909,2026-08-19,6,67,F,Paediatrics,Paediatric illness,4,57,5.5,0
V101910,2026-07-16,8,72,F,Emergency Medicine,Trauma / acute illness,3,64,5.6,0
V101911,2026-07-12,13,47,F,Emergency Medicine,Trauma / acute illness,2,99,5.0,0
V101912,2026-09-09,18,65,M,Paediatrics,Paediatric illness,5,58,1.3,0
V101913,2026-08-25,18,27,F,Pulmonology,Respiratory,2,29,3.6,0
V101914,2026-07-18,17,53,F,Emergency Medicine,Trauma / acute illness,1,2,13.7,0
V101915,2026-08-15,10,85,F,Emergency Medicine,Trauma / acute illness,2,43,20.1,1
V101916,2026-08-22,14,58,F,Orthopaedics,Musculoskeletal,4,125,2.9,0
V101917,2026-07-06,12,91,F,Orthopaedics,Musculoskeletal,3,12,5.1,0
V101918,2026-07-28,12,92,F,Pulmonology,Respiratory,4,46,1.8,0
V101919,2026-09-16,23,55,M,Obstetrics & Gynaecology,Obstetric,5,9,3.5,0
V101920,2026-08-02,4,5,M,General Medicine,Infection / fever,3,7,0.7,0
V101921,2026-09-02,12,71,F,Cardiology,Cardiovascular,4,82,6.0,1
V101922,2026-08-24,20,21,F,General Medicine,Infection / fever,2,57,4.5,0
V101923,2026-07-01,6,8,M,General Medicine,Infection / fever,5,19,1.8,0
V101924,2026-09-24,10,13,F,Emergency Medicine,Trauma / acute illness,2,12,10.0,0
V101925,2026-09-25,11,74,M,Emergency Medicine,Trauma / acute illness,3,88,8.4,0
V101926,2026-08-30,12,55,M,General Medicine,Infection / fever,3,15,13.0,0
V101927,2026-07-15,5,48,M,Orthopaedics,Musculoskeletal,4,9,0.5,0
V101928,2026-09-15,17,57,M,Emergency Medicine,Trauma / acute illness,2,13,16.0,0
V101929,2026-07-01,17,14,F,General Medicine,Infection / fever,4,50,5.2,0
V101930,2026-08-15,16,38,F,Orthopaedics,Musculoskeletal,5,153,4.7,0
V101931,2026-08-08,9,30,M,Pulmonology,Respiratory,3,16,6.9,0
V101932,2026-09-01,14,46,F,Gastroenterology,Gastrointestinal,5,90,0.6,0
V101933,2026-07-13,9,47,F,Neurology,Neurological,3,27,6.1,0
V101934,2026-09-17,12,56,M,Orthopaedics,Musculoskeletal,5,6,3.4,0
V101935,2026-08-21,23,61,M,Emergency Medicine,Trauma / acute illness,1,1,19.1,1
V101936,2026-07-24,14,14,F,General Medicine,Infection / fever,4,74,4.2,0
V101937,2026-07-29,7,38,M,Pulmonology,Respiratory,3,47,5.7,0
V101938,2026-08-31,14,43,F,Cardiology,Cardiovascular,4,22,5.1,0
V101939,2026-07-17,6,21,M,Emergency Medicine,Trauma / acute illness,3,40,12.8,0
V101940,2026-07-27,7,20,F,Emergency Medicine,Trauma / acute illness,1,2,7.7,0
V101941,2026-09-27,8,13,M,General Medicine,Infection / fever,3,32,9.0,0
V101942,2026-09-18,11,18,M,General Medicine,Infection / fever,3,75,20.4,0
V101943,2026-07-30,18,65,F,Emergency Medicine,Trauma / acute illness,3,20,29.3,0
V101944,2026-08-20,17,16,M,Neurology,Neurological,4,28,8.5,0
V101945,2026-08-07,16,18,F,Paediatrics,Paediatric illness,4,85,3.7,0
V101946,2026-07-19,8,45,M,Emergency Medicine,Trauma / acute illness,2,74,3.0,0
V101947,2026-07-27,11,53,F,Paediatrics,Paediatric illness,5,75,2.9,0
V101948,2026-07-10,15,42,F,Emergency Medicine,Trauma / acute illness,1,3,29.1,0
V101949,2026-09-14,10,23,F,Paediatrics,Paediatric illness,4,67,4.2,0
V101950,2026-07-23,12,20,F,Obstetrics & Gynaecology,Obstetric,4,24,9.1,0
V101951,2026-07-18,16,44,M,Emergency Medicine,Trauma / acute illness,2,30,17.3,0
V101952,2026-08-27,12,40,M,Gastroenterology,Gastrointestinal,4,10,4.6,0
V101953,2026-07-12,15,35,M,Obstetrics & Gynaecology,Obstetric,4,25,8.1,0
V101954,2026-09-25,22,64,M,Paediatrics,Paediatric illness,4,37,1.7,0
V101955,2026-09-18,13,39,M,Obstetrics & Gynaecology,Obstetric,3,38,5.8,0
V101956,2026-08-07,20,19,F,Pulmonology,Respiratory,4,4,6.3,0
V101957,2026-07-17,16,35,M,Emergency Medicine,Trauma / acute illness,3,28,6.7,0
V101958,2026-07-13,6,56,M,Neurology,Neurological,3,28,2.8,0
V101959,2026-09-16,8,37,F,Pulmonology,Respiratory,4,32,8.1,0
V101960,2026-08-09,9,55,F,Pulmonology,Respiratory,3,8,9.3,0
V101961,2026-08-22,9,61,F,General Medicine,Infection / fever,5,51,2.6,0
V101962,2026-07-12,13,39,F,Pulmonology,Respiratory,3,104,15.7,1
V101963,2026-09-13,17,42,M,Emergency Medicine,Trauma / acute illness,1,4,20.6,0
V101964,2026-08-16,20,36,F,Gastroenterology,Gastrointestinal,5,43,0.3,0
V101965,2026-07-07,15,56,M,Emergency Medicine,Trauma / acute illness,1,7,13.1,0
V101966,2026-07-07,11,35,F,Orthopaedics,Musculoskeletal,4,24,5.1,0
V101967,2026-09-25,3,53,F,Neurology,Neurological,3,37,5.2,0
V101968,2026-07-06,14,47,F,General Medicine,Infection / fever,3,32,0.8,0
V101969,2026-07-27,14,13,F,General Medicine,Infection / fever,4,102,2.4,0
V101970,2026-07-02,14,55,M,Cardiology,Cardiovascular,2,14,0.7,0
V101971,2026-07-06,23,45,M,Obstetrics & Gynaecology,Obstetric,4,13,16.7,0
V101972,2026-09-12,20,77,F,Gastroenterology,Gastrointestinal,3,77,7.9,0
V101973,2026-09-07,18,21,F,General Medicine,Infection / fever,3,48,9.7,0
V101974,2026-07-30,8,48,M,Emergency Medicine,Trauma / acute illness,4,67,1.8,0
V101975,2026-07-17,11,33,M,Emergency Medicine,Trauma / acute illness,3,17,0.9,0
V101976,2026-07-23,13,14,M,General Medicine,Infection / fever,4,22,3.3,0
V101977,2026-08-01,9,12,F,Paediatrics,Paediatric illness,5,39,1.5,0
V101978,2026-09-08,16,84,M,Gastroenterology,Gastrointestinal,5,11,3.9,0
V101979,2026-08-23,15,48,F,Emergency Medicine,Trauma / acute illness,3,40,5.1,0
V101980,2026-08-09,8,38,F,Neurology,Neurological,3,18,28.6,0
V101981,2026-07-07,20,17,M,General Medicine,Infection / fever,3,32,14.1,0
V101982,2026-07-11,14,82,F,Neurology,Neurological,3,55,19.6,0
V101983,2026-07-19,5,28,F,Cardiology,Cardiovascular,4,47,4.5,0
V101984,2026-07-20,13,49,F,Pulmonology,Respiratory,4,114,5.3,0
V101985,2026-08-14,15,44,F,Paediatrics,Paediatric illness,1,5,28.8,0
V101986,2026-09-16,19,98,M,Cardiology,Cardiovascular,3,5,6.0,1
V101987,2026-08-07,12,42,F,Orthopaedics,Musculoskeletal,5,21,3.1,0
V101988,2026-07-30,18,32,F,Obstetrics & Gynaecology,Obstetric,4,20,3.4,0
V101989,2026-08-20,14,48,M,Emergency Medicine,Trauma / acute illness,3,64,9.8,0
V101990,2026-07-07,7,51,F,Emergency Medicine,Trauma / acute illness,3,68,2.0,0
V101991,2026-09-04,6,98,F,Orthopaedics,Musculoskeletal,3,9,5.4,1
V101992,2026-07-05,19,41,F,Cardiology,Cardiovascular,4,74,5.4,0
V101993,2026-08-01,20,21,F,Emergency Medicine,Trauma / acute illness,1,3,14.8,0
V101994,2026-09-24,15,35,F,General Medicine,Infection / fever,4,35,7.6,0
V101995,2026-08-06,21,48,M,Gastroenterology,Gastrointestinal,4,18,1.6,0
V101996,2026-09-06,19,53,F,Cardiology,Cardiovascular,2,25,10.6,0
V101997,2026-07-25,17,16,M,Cardiology,Cardiovascular,3,40,1.5,0
V101998,2026-09-15,9,33,M,Neurology,Neurological,4,19,3.5,0
V101999,2026-07-31,23,98,F,General Medicine,Infection / fever,5,43,3.5,0
V102000,2026-07-21,16,25,F,Neurology,Neurological,4,35,4.1,0
V102001,2026-07-05,11,64,F,General Medicine,Infection / fever,2,25,26.7,0
V102002,2026-07-28,10,35,F,Obstetrics & Gynaecology,Obstetric,3,52,7.0,0
V102003,2026-08-22,15,43,F,Orthopaedics,Musculoskeletal,4,48,6.9,0
V102004,2026-07-06,5,17,F,Emergency Medicine,Trauma / acute illness,2,2,10.9,0
V102005,2026-07-16,17,37,F,Paediatrics,Paediatric illness,3,47,6.7,1
V102006,2026-08-01,9,48,F,General Medicine,Infection / fever,5,38,3.3,0
V102007,2026-09-03,15,42,F,Emergency Medicine,Trauma / acute illness,3,72,7.6,0
V102008,2026-08-23,11,38,M,Emergency Medicine,Trauma / acute illness,3,42,7.2,0
V102009,2026-07-04,12,56,F,Orthopaedics,Musculoskeletal,5,34,1.9,1
V102010,2026-07-04,10,20,M,Emergency Medicine,Trauma / acute illness,3,21,4.8,0
V102011,2026-07-06,13,49,M,Cardiology,Cardiovascular,5,9,1.4,0
V102012,2026-07-30,23,11,F,Emergency Medicine,Trauma / acute illness,2,22,9.6,0
V102013,2026-07-26,21,73,M,General Medicine,Infection / fever,3,13,8.0,0
V102014,2026-07-11,15,39,F,General Medicine,Infection / fever,3,79,17.0,0
V102015,2026-08-09,13,62,M,General Medicine,Infection / fever,5,44,0.6,0
V102016,2026-08-23,18,6,F,Cardiology,Cardiovascular,4,16,14.0,0
V102017,2026-09-01,19,58,M,Emergency Medicine,Trauma / acute illness,2,5,3.3,0
V102018,2026-09-28,9,28,M,Pulmonology,Respiratory,3,6,6.6,0
V102019,2026-09-01,13,43,M,General Medicine,Infection / fever,5,56,3.0,0
V102020,2026-09-27,4,58,M,Orthopaedics,Musculoskeletal,4,71,2.0,0
V102021,2026-09-26,19,41,F,Emergency Medicine,Trauma / acute illness,4,58,1.6,0
V102022,2026-09-15,23,55,F,Emergency Medicine,Trauma / acute illness,2,21,8.0,0
V102023,2026-08-01,14,36,F,Cardiology,Cardiovascular,3,116,10.5,0
V102024,2026-07-04,2,76,F,General Medicine,Infection / fever,4,49,9.5,0
V102025,2026-07-06,17,39,F,General Medicine,Infection / fever,3,43,2.1,0
V102026,2026-09-17,9,39,M,Neurology,Neurological,3,19,5.8,0
V102027,2026-09-16,10,40,M,General Medicine,Infection / fever,3,88,1.2,0
V102028,2026-07-28,17,42,M,Pulmonology,Respiratory,4,32,2.0,0
V102029,2026-09-04,15,20,M,Pulmonology,Respiratory,4,20,10.0,0
V102030,2026-08-10,11,25,M,Emergency Medicine,Trauma / acute illness,3,33,8.6,0
V102031,2026-07-07,10,67,M,General Medicine,Infection / fever,4,42,3.4,0
V102032,2026-08-28,14,62,F,Cardiology,Cardiovascular,3,62,14.0,1
V102033,2026-07-08,11,60,M,General Medicine,Infection / fever,5,22,1.2,0
V102034,2026-07-12,8,52,F,Emergency Medicine,Trauma / acute illness,3,15,6.5,0
V102035,2026-08-12,12,32,F,Gastroenterology,Gastrointestinal,5,27,0.3,0
V102036,2026-07-07,15,30,M,Paediatrics,Paediatric illness,5,39,1.1,0
V102037,2026-07-31,13,41,F,Emergency Medicine,Trauma / acute illness,2,12,10.7,0
V102038,2026-09-06,6,72,M,Pulmonology,Respiratory,3,58,8.9,0
V102039,2026-08-23,19,46,M,Gastroenterology,Gastrointestinal,5,10,1.6,0
V102040,2026-07-05,0,24,M,Cardiology,Cardiovascular,2,58,8.0,0
V102041,2026-07-20,11,18,M,Gastroenterology,Gastrointestinal,3,58,11.0,0
V102042,2026-09-28,10,63,M,Orthopaedics,Musculoskeletal,3,17,5.6,0
V102043,2026-09-25,14,83,F,Paediatrics,Paediatric illness,3,30,10.2,0
V102044,2026-09-21,16,15,F,Obstetrics & Gynaecology,Obstetric,4,21,2.8,1
V102045,2026-08-16,19,64,M,Emergency Medicine,Trauma / acute illness,1,4,10.7,0
V102046,2026-08-08,10,52,F,General Medicine,Infection / fever,4,94,0.6,0
V102047,2026-09-06,17,27,F,Pulmonology,Respiratory,3,184,4.4,0
V102048,2026-09-25,15,47,M,Emergency Medicine,Trauma / acute illness,4,55,4.7,0
V102049,2026-07-12,5,22,F,Cardiology,Cardiovascular,5,8,2.0,0
V102050,2026-09-19,23,37,M,Obstetrics & Gynaecology,Obstetric,4,13,2.8,0
V102051,2026-08-25,6,42,F,Emergency Medicine,Trauma / acute illness,2,31,3.7,0
V102052,2026-07-13,16,76,F,General Medicine,Infection / fever,4,34,6.0,0
V102053,2026-09-16,16,37,M,Neurology,Neurological,3,58,6.0,0
V102054,2026-07-03,15,29,F,Cardiology,Cardiovascular,3,43,8.3,0
V102055,2026-07-03,11,50,M,General Medicine,Infection / fever,3,17,3.6,0
V102056,2026-08-03,18,56,F,Obstetrics & Gynaecology,Obstetric,3,27,9.9,0
V102057,2026-08-18,5,28,F,General Medicine,Infection / fever,4,50,1.6,0
V102058,2026-08-08,13,24,M,Emergency Medicine,Trauma / acute illness,3,45,1.6,0
V102059,2026-07-23,11,25,F,Emergency Medicine,Trauma / acute illness,3,58,15.0,0
V102060,2026-08-29,10,76,M,Paediatrics,Paediatric illness,5,14,2.0,0
V102061,2026-08-13,16,54,F,Cardiology,Cardiovascular,4,20,4.8,0
V102062,2026-07-11,19,35,M,General Medicine,Infection / fever,4,84,3.4,0
V102063,2026-09-12,12,70,M,Emergency Medicine,Trauma / acute illness,2,10,21.6,0
V102064,2026-07-28,18,28,M,General Medicine,Infection / fever,3,56,10.1,0
V102065,2026-09-01,14,40,F,Paediatrics,Paediatric illness,3,10,1.7,0
V102066,2026-08-01,9,22,M,General Medicine,Infection / fever,3,28,18.3,0
V102067,2026-09-06,12,68,M,Obstetrics & Gynaecology,Obstetric,2,21,18.1,0
V102068,2026-07-26,12,27,M,Cardiology,Cardiovascular,2,15,6.2,0
V102069,2026-07-20,10,27,M,General Medicine,Infection / fever,5,49,0.8,0
V102070,2026-07-07,16,50,F,Neurology,Neurological,3,72,7.6,0
V102071,2026-09-13,15,10,F,General Medicine,Infection / fever,4,22,5.3,0
V102072,2026-09-03,5,19,M,Cardiology,Cardiovascular,3,3,1.1,0
V102073,2026-08-25,5,59,M,Neurology,Neurological,1,2,12.0,0
V102074,2026-08-24,16,25,M,General Medicine,Infection / fever,4,19,8.0,1
V102075,2026-07-07,9,98,M,Pulmonology,Respiratory,4,50,5.8,0
V102076,2026-08-07,15,46,F,Obstetrics & Gynaecology,Obstetric,4,27,4.1,1
V102077,2026-09-16,18,15,M,Emergency Medicine,Trauma / acute illness,1,2,9.2,1
V102078,2026-07-27,7,8,F,Cardiology,Cardiovascular,3,19,3.3,1
V102079,2026-07-06,6,85,M,Emergency Medicine,Trauma / acute illness,3,54,14.9,0
V102080,2026-09-14,22,46,F,General Medicine,Infection / fever,4,39,3.3,0
V102081,2026-07-03,15,38,F,Emergency Medicine,Trauma / acute illness,1,1,12.6,0
V102082,2026-08-31,11,45,M,Orthopaedics,Musculoskeletal,5,14,0.6,0
V102083,2026-09-14,9,15,F,Emergency Medicine,Trauma / acute illness,1,5,9.9,0
V102084,2026-09-06,11,41,F,Orthopaedics,Musculoskeletal,4,23,6.2,0
V102085,2026-07-02,7,26,M,Cardiology,Cardiovascular,2,48,6.4,0
V102086,2026-09-19,18,40,F,General Medicine,Infection / fever,3,30,4.9,0
V102087,2026-07-08,9,33,M,Cardiology,Cardiovascular,2,12,8.5,0
V102088,2026-09-15,19,44,F,Orthopaedics,Musculoskeletal,4,22,6.0,0
V102089,2026-07-02,11,35,F,General Medicine,Infection / fever,5,39,2.4,0
V102090,2026-08-14,8,31,F,General Medicine,Infection / fever,4,3,15.2,0
V102091,2026-09-18,11,24,F,Neurology,Neurological,2,16,20.0,0
V102092,2026-07-24,0,15,F,Pulmonology,Respiratory,4,92,2.7,0
V102093,2026-07-05,13,13,F,Emergency Medicine,Trauma / acute illness,3,131,13.2,0
V102094,2026-07-08,13,19,F,Paediatrics,Paediatric illness,4,23,0.7,0
V102095,2026-08-03,18,57,F,Cardiology,Cardiovascular,3,54,5.1,0
V102096,2026-08-02,4,23,M,Emergency Medicine,Trauma / acute illness,2,30,2.0,0
V102097,2026-07-20,20,29,F,General Medicine,Infection / fever,4,14,6.5,0
V102098,2026-08-11,18,29,F,Emergency Medicine,Trauma / acute illness,2,48,6.4,0
V102099,2026-07-31,20,33,F,Emergency Medicine,Trauma / acute illness,3,26,2.2,0
V102100,2026-08-23,13,52,M,Gastroenterology,Gastrointestinal,5,45,3.7,0
V102101,2026-07-27,19,35,F,Emergency Medicine,Trauma / acute illness,3,62,2.5,0
V102102,2026-07-29,6,62,M,Gastroenterology,Gastrointestinal,4,23,7.0,0
V102103,2026-09-18,17,20,F,Paediatrics,Paediatric illness,4,30,5.2,0
V102104,2026-09-09,9,59,M,Pulmonology,Respiratory,3,37,5.5,0
V102105,2026-09-08,5,80,F,Orthopaedics,Musculoskeletal,4,63,9.3,0
V102106,2026-08-04,8,41,M,Orthopaedics,Musculoskeletal,4,41,2.0,0
V102107,2026-09-18,14,22,F,Obstetrics & Gynaecology,Obstetric,4,31,0.8,0
V102108,2026-07-31,9,53,M,Cardiology,Cardiovascular,4,58,1.6,0
V102109,2026-09-03,15,41,F,Emergency Medicine,Trauma / acute illness,3,44,22.7,0
V102110,2026-09-06,4,48,M,General Medicine,Infection / fever,3,64,3.3,0
V102111,2026-07-30,2,63,F,Pulmonology,Respiratory,4,84,3.1,0
V102112,2026-08-25,21,34,M,Emergency Medicine,Trauma / acute illness,3,36,17.3,0
V102113,2026-07-17,18,31,M,Pulmonology,Respiratory,4,92,3.1,0
V102114,2026-08-04,8,98,F,Emergency Medicine,Trauma / acute illness,3,62,11.1,0
V102115,2026-08-17,13,53,M,Paediatrics,Paediatric illness,4,37,12.4,0
V102116,2026-08-29,19,69,M,Cardiology,Cardiovascular,2,73,13.0,0
V102117,2026-08-02,16,61,M,Emergency Medicine,Trauma / acute illness,3,37,6.3,0
V102118,2026-09-03,14,69,F,Emergency Medicine,Trauma / acute illness,3,58,12.6,1
V102119,2026-08-27,19,49,F,Cardiology,Cardiovascular,3,35,0.7,0
V102120,2026-09-16,10,65,M,Cardiology,Cardiovascular,3,9,4.5,0
V102121,2026-07-04,14,29,F,Emergency Medicine,Trauma / acute illness,2,105,20.3,0
V102122,2026-08-16,13,15,M,Cardiology,Cardiovascular,4,64,2.2,0
V102123,2026-09-03,12,25,F,Emergency Medicine,Trauma / acute illness,2,53,9.5,0
V102124,2026-08-07,11,38,M,General Medicine,Infection / fever,5,50,3.3,0
V102125,2026-07-27,14,36,M,General Medicine,Infection / fever,5,104,1.7,0
V102126,2026-08-22,14,41,F,Cardiology,Cardiovascular,2,28,13.5,0
V102127,2026-08-11,8,28,M,Cardiology,Cardiovascular,3,25,7.8,0
V102128,2026-08-08,18,11,M,Emergency Medicine,Trauma / acute illness,3,15,30.0,0
V102129,2026-09-27,8,33,F,Emergency Medicine,Trauma / acute illness,2,28,15.4,0
V102130,2026-08-08,12,18,F,Emergency Medicine,Trauma / acute illness,1,6,13.0,0
V102131,2026-07-20,12,40,F,Gastroenterology,Gastrointestinal,3,32,0.9,0
V102132,2026-07-02,15,50,F,Obstetrics & Gynaecology,Obstetric,4,15,2.4,0
V102133,2026-07-11,2,33,F,Paediatrics,Paediatric illness,2,45,3.4,0
V102134,2026-08-18,18,21,F,General Medicine,Infection / fever,3,51,17.0,0
V102135,2026-07-19,10,42,F,Pulmonology,Respiratory,4,125,1.5,1
V102136,2026-07-10,20,98,F,Cardiology,Cardiovascular,2,17,7.8,0
V102137,2026-08-01,11,53,F,Gastroenterology,Gastrointestinal,3,57,8.5,0
V102138,2026-07-22,13,55,F,Gastroenterology,Gastrointestinal,3,12,4.2,0
V102139,2026-08-18,23,31,M,Neurology,Neurological,2,23,6.3,0
V102140,2026-07-06,12,26,F,Paediatrics,Paediatric illness,4,46,5.2,0
V102141,2026-09-27,20,69,F,General Medicine,Infection / fever,3,8,4.5,0
V102142,2026-09-21,14,9,M,Gastroenterology,Gastrointestinal,3,77,7.1,0
V102143,2026-09-17,16,27,M,Gastroenterology,Gastrointestinal,4,71,7.4,0
V102144,2026-07-16,14,89,M,Cardiology,Cardiovascular,2,45,6.3,1
V102145,2026-09-03,18,39,M,Paediatrics,Paediatric illness,3,13,2.5,0
V102146,2026-07-02,10,16,M,Emergency Medicine,Trauma / acute illness,1,2,30.0,0
V102147,2026-09-03,8,51,M,Obstetrics & Gynaecology,Obstetric,4,57,13.1,0
V102148,2026-09-10,10,33,F,Gastroenterology,Gastrointestinal,4,40,4.0,0
V102149,2026-07-26,14,14,M,Emergency Medicine,Trauma / acute illness,2,26,9.2,0
V102150,2026-08-11,12,46,M,Orthopaedics,Musculoskeletal,3,82,6.9,0
V102151,2026-09-22,17,43,M,Emergency Medicine,Trauma / acute illness,3,40,4.5,0
V102152,2026-07-18,20,41,F,Gastroenterology,Gastrointestinal,4,16,4.0,0
V102153,2026-08-18,8,53,M,Gastroenterology,Gastrointestinal,4,56,0.6,0
V102154,2026-07-28,10,21,F,Pulmonology,Respiratory,5,16,0.6,0
V102155,2026-07-15,6,48,M,Neurology,Neurological,4,30,3.2,0
V102156,2026-08-31,23,44,M,Emergency Medicine,Trauma / acute illness,2,28,5.1,0
V102157,2026-09-24,15,68,M,Cardiology,Cardiovascular,4,66,2.6,0
V102158,2026-08-20,16,27,F,General Medicine,Infection / fever,4,11,4.0,0
V102159,2026-08-15,7,74,F,Emergency Medicine,Trauma / acute illness,2,2,14.9,0
V102160,2026-08-18,13,61,M,General Medicine,Infection / fever,5,4,1.1,0
V102161,2026-07-14,16,38,M,Cardiology,Cardiovascular,2,78,10.4,0
V102162,2026-07-19,12,41,F,General Medicine,Infection / fever,4,10,3.2,0
V102163,2026-09-05,19,9,M,General Medicine,Infection / fever,5,130,3.8,1
V102164,2026-08-22,23,41,M,Paediatrics,Paediatric illness,4,60,1.1,0
V102165,2026-07-22,9,59,F,Cardiology,Cardiovascular,3,12,2.4,0
V102166,2026-07-02,8,35,F,Paediatrics,Paediatric illness,2,3,6.2,0
V102167,2026-07-17,9,68,M,General Medicine,Infection / fever,2,24,5.0,1
V102168,2026-08-15,22,51,M,Cardiology,Cardiovascular,5,22,4.7,0
V102169,2026-07-25,19,98,M,General Medicine,Infection / fever,4,93,2.4,0
V102170,2026-09-04,13,28,M,General Medicine,Infection / fever,3,43,4.5,0
V102171,2026-08-22,14,56,F,Cardiology,Cardiovascular,3,36,22.5,0
V102172,2026-07-14,9,19,M,General Medicine,Infection / fever,3,22,1.6,0
V102173,2026-07-27,18,37,M,Emergency Medicine,Trauma / acute illness,2,51,8.5,0
V102174,2026-07-04,12,53,F,General Medicine,Infection / fever,3,33,4.9,0
V102175,2026-07-04,12,58,F,Pulmonology,Respiratory,2,103,11.5,0
V102176,2026-09-06,17,34,M,General Medicine,Infection / fever,2,7,10.7,0
V102177,2026-08-04,13,72,F,Neurology,Neurological,1,2,13.9,0
V102178,2026-09-18,12,80,M,Cardiology,Cardiovascular,3,53,13.3,0
V102179,2026-07-22,14,28,F,Obstetrics & Gynaecology,Obstetric,3,48,11.9,0
V102180,2026-07-29,18,38,F,Gastroenterology,Gastrointestinal,4,132,2.5,0
V102181,2026-08-16,22,36,M,Obstetrics & Gynaecology,Obstetric,5,18,1.2,0
V102182,2026-07-26,17,31,F,Neurology,Neurological,3,2,10.0,0
V102183,2026-08-11,18,77,F,Emergency Medicine,Trauma / acute illness,2,60,10.7,0
V102184,2026-07-12,12,77,F,General Medicine,Infection / fever,4,47,6.6,0
V102185,2026-07-08,10,36,M,Emergency Medicine,Trauma / acute illness,2,61,8.6,0
V102186,2026-09-16,17,56,M,Neurology,Neurological,4,52,2.8,0
V102187,2026-07-23,14,68,F,Pulmonology,Respiratory,5,3,4.4,0
V102188,2026-07-10,6,46,M,Cardiology,Cardiovascular,4,40,2.1,0
V102189,2026-07-26,12,35,M,Paediatrics,Paediatric illness,2,17,30.0,0
V102190,2026-08-07,13,27,F,Emergency Medicine,Trauma / acute illness,2,24,28.4,0
V102191,2026-08-13,11,59,F,Pulmonology,Respiratory,3,32,26.3,0
V102192,2026-09-07,21,19,M,Orthopaedics,Musculoskeletal,4,11,5.0,0
V102193,2026-09-12,16,35,F,Emergency Medicine,Trauma / acute illness,1,1,7.9,0
V102194,2026-07-27,21,32,M,Pulmonology,Respiratory,2,39,21.8,0
V102195,2026-07-20,15,19,F,Neurology,Neurological,4,68,4.4,0
V102196,2026-07-12,14,39,M,Emergency Medicine,Trauma / acute illness,2,6,15.4,0
V102197,2026-07-15,9,37,F,General Medicine,Infection / fever,3,31,11.5,0
V102198,2026-07-03,14,24,F,Cardiology,Cardiovascular,2,57,4.4,0
V102199,2026-07-01,14,76,F,Orthopaedics,Musculoskeletal,4,44,7.5,0
V102200,2026-08-07,6,59,M,Emergency Medicine,Trauma / acute illness,2,28,14.8,0
V102201,2026-08-24,11,42,F,Paediatrics,Paediatric illness,4,9,4.0,0
V102202,2026-09-12,12,63,F,Paediatrics,Paediatric illness,3,81,1.8,0
V102203,2026-07-30,16,71,F,Emergency Medicine,Trauma / acute illness,1,1,28.9,0
V102204,2026-07-27,16,77,F,Cardiology,Cardiovascular,4,30,16.2,1
V102205,2026-08-30,10,28,M,Pulmonology,Respiratory,4,74,4.6,0
V102206,2026-08-27,16,63,F,Orthopaedics,Musculoskeletal,4,112,3.4,0
V102207,2026-09-01,13,37,M,General Medicine,Infection / fever,3,29,1.5,0
V102208,2026-07-16,0,46,M,Emergency Medicine,Trauma / acute illness,4,114,4.8,0
V102209,2026-07-05,11,29,M,Emergency Medicine,Trauma / acute illness,3,40,4.5,1
V102210,2026-08-19,19,41,M,Obstetrics & Gynaecology,Obstetric,5,46,0.5,0
V102211,2026-08-07,5,64,F,General Medicine,Infection / fever,3,12,12.2,0
V102212,2026-07-24,14,87,M,Paediatrics,Paediatric illness,3,27,11.0,0
V102213,2026-09-26,22,39,M,General Medicine,Infection / fever,4,36,2.7,0
V102214,2026-07-15,10,25,M,Paediatrics,Paediatric illness,3,53,19.6,1
V102215,2026-07-25,14,93,M,Emergency Medicine,Trauma / acute illness,2,45,9.5,0
V102216,2026-09-06,7,28,M,Emergency Medicine,Trauma / acute illness,2,16,9.4,0
V102217,2026-08-17,22,15,F,Paediatrics,Paediatric illness,4,74,3.7,0
V102218,2026-07-21,13,30,F,Paediatrics,Paediatric illness,3,38,13.4,0
V102219,2026-08-18,14,10,M,Cardiology,Cardiovascular,3,36,9.6,0
V102220,2026-08-07,21,69,M,General Medicine,Infection / fever,4,12,1.8,0
V102221,2026-07-24,17,13,F,General Medicine,Infection / fever,4,64,4.4,0
V102222,2026-08-30,9,27,M,General Medicine,Infection / fever,4,29,7.6,0
V102223,2026-09-09,10,21,F,Emergency Medicine,Trauma / acute illness,2,25,2.0,0
V102224,2026-07-07,16,43,F,Paediatrics,Paediatric illness,3,11,11.3,0
V102225,2026-07-01,10,87,F,Cardiology,Cardiovascular,3,11,10.9,0
V102226,2026-09-20,2,52,F,Orthopaedics,Musculoskeletal,4,38,1.9,0
V102227,2026-07-21,13,19,M,Emergency Medicine,Trauma / acute illness,2,85,7.2,0
V102228,2026-07-08,6,98,F,Emergency Medicine,Trauma / acute illness,1,2,4.6,0
V102229,2026-08-23,22,49,M,Orthopaedics,Musculoskeletal,4,25,2.7,0
V102230,2026-07-30,14,65,M,Cardiology,Cardiovascular,2,50,7.1,0
V102231,2026-09-21,9,17,M,Orthopaedics,Musculoskeletal,5,73,3.5,0
V102232,2026-09-25,10,98,F,Emergency Medicine,Trauma / acute illness,2,20,17.0,1
V102233,2026-07-01,4,34,F,Paediatrics,Paediatric illness,4,12,5.1,0
V102234,2026-07-18,8,16,M,Gastroenterology,Gastrointestinal,3,25,5.1,0
V102235,2026-08-24,19,46,M,Paediatrics,Paediatric illness,5,64,3.7,0
V102236,2026-07-31,23,65,F,Emergency Medicine,Trauma / acute illness,2,2,9.4,0
V102237,2026-07-01,17,56,F,Cardiology,Cardiovascular,2,23,11.2,0
V102238,2026-08-11,13,55,M,General Medicine,Infection / fever,5,39,4.1,0
V102239,2026-08-26,11,53,F,Pulmonology,Respiratory,4,32,7.1,0
V102240,2026-09-28,9,44,F,Cardiology,Cardiovascular,1,1,13.9,0
V102241,2026-08-07,23,17,M,Emergency Medicine,Trauma / acute illness,2,17,12.8,0
V102242,2026-09-10,13,37,M,General Medicine,Infection / fever,4,36,2.6,0
V102243,2026-08-09,23,34,F,Cardiology,Cardiovascular,3,13,3.5,0
V102244,2026-08-30,21,78,M,General Medicine,Infection / fever,4,36,16.0,1
V102245,2026-09-26,4,69,F,Emergency Medicine,Trauma / acute illness,1,4,6.8,0
V102246,2026-09-12,10,32,M,Cardiology,Cardiovascular,1,5,20.6,0
V102247,2026-08-31,10,60,M,Pulmonology,Respiratory,2,18,6.8,0
V102248,2026-09-13,13,40,F,General Medicine,Infection / fever,4,56,6.9,0
V102249,2026-07-18,13,15,M,Cardiology,Cardiovascular,1,4,1.3,0
V102250,2026-09-10,23,9,M,Pulmonology,Respiratory,3,82,1.9,0
V102251,2026-09-28,8,57,F,Gastroenterology,Gastrointestinal,2,33,17.2,1
V102252,2026-09-26,15,23,M,General Medicine,Infection / fever,4,59,0.9,0
V102253,2026-07-24,17,23,M,Pulmonology,Respiratory,5,90,1.3,0
V102254,2026-08-08,13,28,M,Obstetrics & Gynaecology,Obstetric,4,14,11.3,0
V102255,2026-08-31,14,57,F,General Medicine,Infection / fever,4,42,7.9,0
V102256,2026-07-07,8,69,F,Paediatrics,Paediatric illness,5,93,2.8,0
V102257,2026-08-31,14,69,M,Gastroenterology,Gastrointestinal,4,115,3.4,0
V102258,2026-07-25,16,14,F,Emergency Medicine,Trauma / acute illness,2,23,24.8,0
V102259,2026-09-15,15,27,M,General Medicine,Infection / fever,5,124,1.2,0
V102260,2026-08-25,16,25,M,Orthopaedics,Musculoskeletal,4,33,5.4,0
V102261,2026-08-05,21,57,F,Obstetrics & Gynaecology,Obstetric,4,37,10.6,0
V102262,2026-07-05,18,28,F,General Medicine,Infection / fever,4,9,6.1,0
V102263,2026-09-01,14,38,F,Emergency Medicine,Trauma / acute illness,2,75,21.2,1
V102264,2026-08-18,7,60,F,Pulmonology,Respiratory,4,23,3.1,0
V102265,2026-08-26,10,42,M,Emergency Medicine,Trauma / acute illness,2,9,3.4,1
V102266,2026-07-02,12,49,F,Gastroenterology,Gastrointestinal,5,40,3.5,0
V102267,2026-08-09,15,38,F,General Medicine,Infection / fever,3,2,14.7,0
V102268,2026-09-07,11,66,M,Orthopaedics,Musculoskeletal,5,70,4.4,0
V102269,2026-09-21,9,69,M,Neurology,Neurological,3,56,4.2,0
V102270,2026-08-01,7,53,F,Pulmonology,Respiratory,2,10,30.0,1
V102271,2026-07-23,5,69,F,Pulmonology,Respiratory,4,12,2.6,0
V102272,2026-09-02,12,98,M,Gastroenterology,Gastrointestinal,3,53,8.7,0
V102273,2026-07-21,6,59,M,Neurology,Neurological,3,42,15.8,0
V102274,2026-09-18,8,40,M,Neurology,Neurological,3,16,6.9,0
V102275,2026-08-26,11,49,F,Emergency Medicine,Trauma / acute illness,2,15,14.3,0
V102276,2026-09-22,7,73,M,Pulmonology,Respiratory,4,56,2.0,0
V102277,2026-07-18,15,33,M,Emergency Medicine,Trauma / acute illness,3,9,10.4,0
V102278,2026-07-08,17,32,M,Neurology,Neurological,2,22,3.7,0
V102279,2026-09-13,11,49,M,Orthopaedics,Musculoskeletal,3,17,7.6,0
V102280,2026-07-27,11,40,M,General Medicine,Infection / fever,4,59,1.3,0
V102281,2026-07-31,16,25,F,Emergency Medicine,Trauma / acute illness,3,18,11.2,0
V102282,2026-07-25,10,45,M,Cardiology,Cardiovascular,2,64,12.6,0
V102283,2026-08-07,9,80,M,Orthopaedics,Musculoskeletal,5,22,3.7,0
V102284,2026-09-19,20,52,F,Emergency Medicine,Trauma / acute illness,3,46,13.1,0
V102285,2026-08-31,18,22,F,Emergency Medicine,Trauma / acute illness,2,16,13.6,0
V102286,2026-07-07,17,57,F,Paediatrics,Paediatric illness,3,40,1.9,0
V102287,2026-09-18,18,36,M,Gastroenterology,Gastrointestinal,4,23,8.6,0
V102288,2026-08-09,3,98,M,Emergency Medicine,Trauma / acute illness,2,9,14.9,0
V102289,2026-09-01,21,54,M,Cardiology,Cardiovascular,4,48,2.2,1
V102290,2026-08-02,16,30,M,Obstetrics & Gynaecology,Obstetric,5,22,2.2,0
V102291,2026-07-09,19,59,M,Orthopaedics,Musculoskeletal,4,20,3.0,0
V102292,2026-08-07,16,47,M,Pulmonology,Respiratory,4,42,16.1,1
V102293,2026-07-31,14,76,F,Cardiology,Cardiovascular,3,42,3.7,0
V102294,2026-07-02,12,32,F,Cardiology,Cardiovascular,3,14,4.7,0
V102295,2026-09-06,15,54,M,Emergency Medicine,Trauma / acute illness,3,49,6.4,0
V102296,2026-09-16,12,17,M,Orthopaedics,Musculoskeletal,4,21,4.9,0
V102297,2026-09-20,18,44,M,Emergency Medicine,Trauma / acute illness,3,11,4.9,0
V102298,2026-07-22,5,22,M,Emergency Medicine,Trauma / acute illness,2,18,9.6,0
V102299,2026-08-27,11,46,M,Orthopaedics,Musculoskeletal,3,27,9.6,0
V102300,2026-08-17,23,51,F,Paediatrics,Paediatric illness,4,39,2.4,0
V102301,2026-08-23,10,53,F,Gastroenterology,Gastrointestinal,3,114,4.9,0
V102302,2026-09-10,12,32,F,General Medicine,Infection / fever,3,37,20.8,0
V102303,2026-08-04,9,45,M,General Medicine,Infection / fever,5,47,4.4,0
V102304,2026-07-25,15,72,M,General Medicine,Infection / fever,4,9,9.8,1
V102305,2026-08-13,10,92,F,Cardiology,Cardiovascular,1,6,4.2,0
V102306,2026-08-29,13,46,F,General Medicine,Infection / fever,4,35,15.3,0
V102307,2026-08-08,18,73,M,General Medicine,Infection / fever,3,11,7.4,0
V102308,2026-07-28,10,26,F,Pulmonology,Respiratory,3,73,13.9,0
V102309,2026-07-05,18,34,M,Paediatrics,Paediatric illness,3,32,7.6,0
V102310,2026-08-21,18,48,F,Obstetrics & Gynaecology,Obstetric,3,65,1.2,1
V102311,2026-07-02,19,40,M,Emergency Medicine,Trauma / acute illness,3,122,5.1,0
V102312,2026-08-12,14,38,M,General Medicine,Infection / fever,3,9,13.2,0
V102313,2026-08-25,23,69,F,Emergency Medicine,Trauma / acute illness,2,12,19.2,0
V102314,2026-08-11,19,24,M,General Medicine,Infection / fever,4,65,5.2,0
V102315,2026-08-15,15,25,M,Cardiology,Cardiovascular,3,34,2.4,1
V102316,2026-07-25,9,20,F,Emergency Medicine,Trauma / acute illness,3,2,14.2,0
V102317,2026-07-23,13,49,M,Gastroenterology,Gastrointestinal,5,31,1.2,0
V102318,2026-09-15,21,36,M,General Medicine,Infection / fever,2,18,10.1,0
V102319,2026-09-19,22,66,M,Paediatrics,Paediatric illness,5,30,4.5,0
V102320,2026-07-15,21,47,F,Emergency Medicine,Trauma / acute illness,1,1,17.9,0
V102321,2026-07-19,18,31,F,Emergency Medicine,Trauma / acute illness,4,99,6.5,0
V102322,2026-08-02,7,29,F,General Medicine,Infection / fever,2,5,4.2,0
V102323,2026-09-02,16,9,F,Emergency Medicine,Trauma / acute illness,5,55,1.6,0
V102324,2026-07-06,7,39,M,Cardiology,Cardiovascular,3,16,3.1,1
V102325,2026-09-09,6,22,M,Obstetrics & Gynaecology,Obstetric,5,19,3.8,0
V102326,2026-07-01,15,70,F,Emergency Medicine,Trauma / acute illness,3,80,11.5,0
V102327,2026-09-14,16,35,M,Emergency Medicine,Trauma / acute illness,2,24,4.8,0
V102328,2026-07-04,18,18,M,Pulmonology,Respiratory,3,44,12.6,0
V102329,2026-09-14,16,77,M,General Medicine,Infection / fever,3,60,13.7,0
V102330,2026-09-23,16,39,M,Pulmonology,Respiratory,4,39,10.3,0
V102331,2026-09-10,8,56,F,General Medicine,Infection / fever,4,68,6.7,1
V102332,2026-09-27,13,32,M,Neurology,Neurological,2,9,14.0,1
V102333,2026-08-11,6,78,F,Emergency Medicine,Trauma / acute illness,2,30,7.8,0
V102334,2026-08-27,3,27,F,General Medicine,Infection / fever,3,85,6.0,0
V102335,2026-08-26,17,36,M,Orthopaedics,Musculoskeletal,4,49,9.7,0
V102336,2026-07-02,10,15,F,Neurology,Neurological,3,6,4.2,1
V102337,2026-09-16,18,77,F,General Medicine,Infection / fever,3,48,4.5,0
V102338,2026-09-02,19,30,F,Pulmonology,Respiratory,3,90,10.5,0
V102339,2026-08-07,10,49,F,Emergency Medicine,Trauma / acute illness,4,29,0.6,0
V102340,2026-07-20,17,53,F,Emergency Medicine,Trauma / acute illness,2,22,5.3,0
V102341,2026-08-30,10,71,F,Emergency Medicine,Trauma / acute illness,2,49,22.4,0
V102342,2026-09-27,4,48,F,Orthopaedics,Musculoskeletal,4,41,12.1,1
V102343,2026-07-15,14,40,M,Cardiology,Cardiovascular,3,36,13.5,0
V102344,2026-09-21,11,67,M,Orthopaedics,Musculoskeletal,3,19,8.5,0
V102345,2026-08-20,11,52,M,Emergency Medicine,Trauma / acute illness,3,23,3.3,0
V102346,2026-09-09,23,37,M,Neurology,Neurological,3,11,1.9,0
V102347,2026-07-13,6,79,M,Neurology,Neurological,1,0,10.0,1
V102348,2026-07-10,15,54,M,Emergency Medicine,Trauma / acute illness,4,85,1.3,0
V102349,2026-08-29,8,21,F,Emergency Medicine,Trauma / acute illness,4,49,14.9,0
V102350,2026-07-26,18,86,F,Emergency Medicine,Trauma / acute illness,1,4,9.7,0
V102351,2026-08-03,15,31,M,Neurology,Neurological,2,47,7.4,0
V102352,2026-08-26,15,71,M,Emergency Medicine,Trauma / acute illness,2,26,17.2,0
V102353,2026-07-21,9,18,M,Pulmonology,Respiratory,2,17,2.2,0
V102354,2026-07-31,10,67,M,General Medicine,Infection / fever,5,14,3.1,0
V102355,2026-08-02,18,22,F,Gastroenterology,Gastrointestinal,3,62,6.9,0
V102356,2026-08-01,23,47,F,General Medicine,Infection / fever,5,147,0.7,0
V102357,2026-09-02,16,54,M,General Medicine,Infection / fever,3,46,3.1,0
V102358,2026-07-14,9,38,F,Obstetrics & Gynaecology,Obstetric,4,56,2.8,0
V102359,2026-09-20,15,43,F,Emergency Medicine,Trauma / acute illness,4,76,9.2,0
V102360,2026-09-03,23,24,M,Neurology,Neurological,3,70,17.7,0
V102361,2026-07-02,14,64,M,Emergency Medicine,Trauma / acute illness,3,17,9.6,0
V102362,2026-08-20,21,48,M,General Medicine,Infection / fever,5,8,2.2,0
V102363,2026-07-16,10,27,F,Paediatrics,Paediatric illness,3,40,16.0,1
V102364,2026-07-14,13,49,F,Orthopaedics,Musculoskeletal,3,31,12.6,0
V102365,2026-09-02,17,50,M,Orthopaedics,Musculoskeletal,3,150,26.9,0
V102366,2026-07-23,16,44,M,Cardiology,Cardiovascular,3,15,1.3,0
V102367,2026-08-21,10,9,M,General Medicine,Infection / fever,4,128,4.7,0
V102368,2026-07-26,9,35,F,General Medicine,Infection / fever,5,29,1.5,0
V102369,2026-07-29,19,63,F,General Medicine,Infection / fever,4,15,1.1,0
V102370,2026-08-30,20,55,F,General Medicine,Infection / fever,3,100,7.1,0
V102371,2026-08-28,21,54,M,Cardiology,Cardiovascular,1,1,30.0,0
V102372,2026-07-02,23,48,F,Cardiology,Cardiovascular,5,63,0.9,0
V102373,2026-09-17,14,67,F,Cardiology,Cardiovascular,3,41,30.0,0
V102374,2026-08-22,12,31,F,General Medicine,Infection / fever,4,127,8.5,0
V102375,2026-07-24,21,28,F,Emergency Medicine,Trauma / acute illness,3,58,16.4,0
V102376,2026-07-11,17,96,M,Paediatrics,Paediatric illness,2,27,22.9,0
V102377,2026-08-13,8,29,F,Pulmonology,Respiratory,3,74,9.6,0
V102378,2026-09-01,8,20,M,Emergency Medicine,Trauma / acute illness,4,42,3.3,0
V102379,2026-07-02,16,37,M,Orthopaedics,Musculoskeletal,4,41,1.3,0
V102380,2026-07-27,13,45,F,Neurology,Neurological,2,35,3.6,0
V102381,2026-09-24,13,67,F,Emergency Medicine,Trauma / acute illness,1,5,18.8,0
V102382,2026-07-10,19,35,F,Emergency Medicine,Trauma / acute illness,2,26,6.9,0
V102383,2026-09-11,17,35,F,Emergency Medicine,Trauma / acute illness,2,21,4.0,0
V102384,2026-07-22,20,43,M,Emergency Medicine,Trauma / acute illness,4,22,5.7,0
V102385,2026-08-15,3,32,M,Gastroenterology,Gastrointestinal,4,38,6.2,0
V102386,2026-09-07,15,18,F,Obstetrics & Gynaecology,Obstetric,3,20,12.0,0
V102387,2026-09-28,17,21,F,Emergency Medicine,Trauma / acute illness,2,62,4.8,0
V102388,2026-08-24,6,76,M,Gastroenterology,Gastrointestinal,4,24,5.5,0
V102389,2026-07-20,10,60,M,Emergency Medicine,Trauma / acute illness,1,4,6.1,0
V102390,2026-07-08,9,42,F,Pulmonology,Respiratory,4,68,1.5,0
V102391,2026-09-05,14,55,F,Gastroenterology,Gastrointestinal,5,120,4.8,0
V102392,2026-08-22,22,61,F,General Medicine,Infection / fever,4,35,9.2,0
V102393,2026-09-08,23,30,F,Emergency Medicine,Trauma / acute illness,2,3,1.9,0
V102394,2026-09-27,9,24,M,Pulmonology,Respiratory,3,4,7.4,0
V102395,2026-09-13,16,72,M,Obstetrics & Gynaecology,Obstetric,2,61,22.6,0
V102396,2026-08-15,16,11,F,Cardiology,Cardiovascular,3,16,12.3,0
V102397,2026-08-31,16,56,M,Emergency Medicine,Trauma / acute illness,3,28,3.2,0
V102398,2026-08-26,16,47,F,Emergency Medicine,Trauma / acute illness,2,67,23.0,0
V102399,2026-07-18,15,68,F,Pulmonology,Respiratory,5,30,6.5,0
V102400,2026-07-28,22,57,M,Pulmonology,Respiratory,4,10,6.0,0
V102401,2026-07-09,19,55,M,Gastroenterology,Gastrointestinal,2,25,7.7,1
V102402,2026-08-03,8,25,M,Gastroenterology,Gastrointestinal,2,39,4.3,0
V102403,2026-07-17,18,62,F,Paediatrics,Paediatric illness,3,23,7.1,0
V102404,2026-09-19,18,52,F,Gastroenterology,Gastrointestinal,5,68,6.3,0
V102405,2026-09-16,15,27,M,Cardiology,Cardiovascular,4,13,2.2,0
V102406,2026-09-04,19,47,F,Pulmonology,Respiratory,5,23,6.7,0
V102407,2026-08-06,14,23,M,Cardiology,Cardiovascular,3,29,11.9,0
V102408,2026-07-01,15,39,M,Cardiology,Cardiovascular,3,83,7.1,0
V102409,2026-08-19,14,98,F,Paediatrics,Paediatric illness,2,23,22.7,0
V102410,2026-07-03,3,25,M,Orthopaedics,Musculoskeletal,4,19,4.6,0
V102411,2026-07-03,13,18,M,Obstetrics & Gynaecology,Obstetric,4,26,4.1,0
V102412,2026-07-14,10,22,M,General Medicine,Infection / fever,4,62,9.4,0
V102413,2026-08-14,7,39,F,Pulmonology,Respiratory,5,60,2.4,0
V102414,2026-09-06,21,59,M,General Medicine,Infection / fever,4,67,4.6,0
V102415,2026-08-06,16,43,F,Emergency Medicine,Trauma / acute illness,4,141,2.9,0
V102416,2026-09-08,13,20,F,Emergency Medicine,Trauma / acute illness,1,3,10.0,0
V102417,2026-08-18,11,58,M,General Medicine,Infection / fever,5,26,7.2,0
V102418,2026-09-19,15,14,M,Emergency Medicine,Trauma / acute illness,2,28,0.7,1
V102419,2026-08-03,19,21,F,Paediatrics,Paediatric illness,5,21,1.1,0
V102420,2026-07-28,9,31,M,Emergency Medicine,Trauma / acute illness,3,30,3.8,1
V102421,2026-07-07,13,71,M,Emergency Medicine,Trauma / acute illness,2,17,9.9,0
V102422,2026-07-20,18,44,M,Gastroenterology,Gastrointestinal,5,100,1.9,0
V102423,2026-07-04,3,45,F,Emergency Medicine,Trauma / acute illness,3,32,8.2,0
V102424,2026-07-16,13,20,F,Paediatrics,Paediatric illness,3,98,0.9,0
V102425,2026-09-24,11,33,M,Orthopaedics,Musculoskeletal,3,63,8.1,0
V102426,2026-08-19,13,66,M,Emergency Medicine,Trauma / acute illness,3,59,22.8,1
V102427,2026-08-24,11,51,F,Orthopaedics,Musculoskeletal,4,13,4.9,0
V102428,2026-08-04,14,59,F,Orthopaedics,Musculoskeletal,5,68,2.0,0
V102429,2026-08-27,23,42,M,Gastroenterology,Gastrointestinal,5,114,2.2,0
V102430,2026-08-20,12,66,M,Neurology,Neurological,3,26,6.4,0
V102431,2026-09-21,15,20,M,Orthopaedics,Musculoskeletal,4,81,7.9,0
V102432,2026-09-10,23,38,M,Pulmonology,Respiratory,1,0,15.1,1
V102433,2026-08-19,11,54,M,Cardiology,Cardiovascular,2,13,11.5,0
V102434,2026-09-09,23,16,M,Orthopaedics,Musculoskeletal,4,28,10.7,0
V102435,2026-08-25,14,8,M,Obstetrics & Gynaecology,Obstetric,5,29,4.0,0
V102436,2026-09-28,23,96,M,Pulmonology,Respiratory,3,14,1.7,0
V102437,2026-08-17,17,45,F,Orthopaedics,Musculoskeletal,5,29,1.7,0
V102438,2026-09-15,15,15,F,General Medicine,Infection / fever,5,63,0.7,0
V102439,2026-07-16,13,44,F,Gastroenterology,Gastrointestinal,3,73,3.7,0
V102440,2026-07-16,10,21,M,Obstetrics & Gynaecology,Obstetric,4,60,2.9,0
V102441,2026-07-29,14,25,F,Emergency Medicine,Trauma / acute illness,3,56,3.6,0
V102442,2026-09-13,18,72,F,Emergency Medicine,Trauma / acute illness,2,31,17.7,0
V102443,2026-09-18,13,32,M,Pulmonology,Respiratory,5,18,3.7,0
V102444,2026-08-06,12,31,M,General Medicine,Infection / fever,3,33,5.1,0
V102445,2026-08-09,12,21,M,Pulmonology,Respiratory,4,46,7.1,0
V102446,2026-08-14,19,35,M,Emergency Medicine,Trauma / acute illness,3,75,9.7,0
V102447,2026-07-19,20,46,F,General Medicine,Infection / fever,4,121,5.2,0
V102448,2026-08-18,10,32,F,Pulmonology,Respiratory,3,48,6.3,0
V102449,2026-09-13,10,98,M,Pulmonology,Respiratory,3,70,14.5,1
V102450,2026-09-06,15,24,M,Orthopaedics,Musculoskeletal,5,5,2.3,0
V102451,2026-07-08,21,23,F,Orthopaedics,Musculoskeletal,3,21,8.4,0
V102452,2026-08-01,19,34,F,Orthopaedics,Musculoskeletal,3,35,8.0,0
V102453,2026-08-27,7,98,F,Gastroenterology,Gastrointestinal,4,44,4.2,0
V102454,2026-08-23,12,60,M,Pulmonology,Respiratory,4,123,2.9,1
V102455,2026-09-02,9,31,F,Pulmonology,Respiratory,4,38,4.0,1
V102456,2026-09-06,12,31,F,Pulmonology,Respiratory,4,8,8.2,0
V102457,2026-07-28,22,23,F,Emergency Medicine,Trauma / acute illness,4,47,4.3,0
V102458,2026-08-12,6,34,M,Cardiology,Cardiovascular,4,23,0.7,0
V102459,2026-07-16,5,38,M,General Medicine,Infection / fever,3,39,9.1,0
V102460,2026-09-03,9,58,F,Paediatrics,Paediatric illness,4,49,3.1,0
V102461,2026-08-10,15,52,F,Orthopaedics,Musculoskeletal,3,7,3.5,0
V102462,2026-08-01,17,33,F,Emergency Medicine,Trauma / acute illness,2,29,15.2,0
V102463,2026-09-06,16,83,M,Pulmonology,Respiratory,2,30,16.4,1
V102464,2026-09-23,20,29,F,Emergency Medicine,Trauma / acute illness,2,40,10.4,0
V102465,2026-09-18,4,18,M,Gastroenterology,Gastrointestinal,4,17,3.8,0
V102466,2026-07-13,20,47,F,Neurology,Neurological,3,16,4.9,0
V102467,2026-09-12,12,69,M,Pulmonology,Respiratory,2,95,4.1,0
V102468,2026-08-21,17,41,F,Pulmonology,Respiratory,2,37,0.7,0
V102469,2026-07-10,7,20,M,Cardiology,Cardiovascular,5,16,1.7,1
V102470,2026-08-04,14,45,M,General Medicine,Infection / fever,4,27,3.5,0
V102471,2026-07-21,15,48,F,Neurology,Neurological,2,98,4.4,0
V102472,2026-07-24,20,51,F,Orthopaedics,Musculoskeletal,4,95,10.7,0
V102473,2026-08-25,5,46,F,General Medicine,Infection / fever,5,20,1.5,0
V102474,2026-08-06,14,74,M,General Medicine,Infection / fever,4,16,6.4,0
V102475,2026-09-02,8,23,M,Emergency Medicine,Trauma / acute illness,1,1,14.9,0
V102476,2026-09-11,16,6,M,Emergency Medicine,Trauma / acute illness,5,99,3.3,0
V102477,2026-07-01,18,14,M,Emergency Medicine,Trauma / acute illness,1,2,6.8,0
V102478,2026-09-13,20,20,F,General Medicine,Infection / fever,4,11,3.7,0
V102479,2026-07-13,11,63,F,Paediatrics,Paediatric illness,3,24,7.2,0
V102480,2026-07-01,18,35,M,General Medicine,Infection / fever,3,45,4.1,0
V102481,2026-07-09,21,87,F,Emergency Medicine,Trauma / acute illness,2,22,21.3,0
V102482,2026-07-05,5,22,F,Emergency Medicine,Trauma / acute illness,1,5,30.0,0
V102483,2026-07-31,17,86,F,Cardiology,Cardiovascular,2,40,12.9,0
V102484,2026-09-14,18,26,F,Neurology,Neurological,4,56,5.8,0
V102485,2026-08-31,12,38,M,General Medicine,Infection / fever,3,67,14.3,0
V102486,2026-08-09,7,15,F,Gastroenterology,Gastrointestinal,3,48,12.3,0
V102487,2026-09-23,18,80,F,Gastroenterology,Gastrointestinal,3,24,8.1,0
V102488,2026-08-13,7,40,F,Emergency Medicine,Trauma / acute illness,2,10,27.6,0
V102489,2026-07-09,13,98,F,Pulmonology,Respiratory,2,37,6.9,0
V102490,2026-07-02,13,71,F,Obstetrics & Gynaecology,Obstetric,2,34,16.6,0
V102491,2026-08-15,17,37,F,General Medicine,Infection / fever,4,51,3.7,0
V102492,2026-07-21,10,28,F,Emergency Medicine,Trauma / acute illness,3,48,9.5,0
V102493,2026-08-03,10,65,F,Paediatrics,Paediatric illness,3,103,5.1,0
V102494,2026-07-28,14,43,M,Paediatrics,Paediatric illness,3,30,20.2,0
V102495,2026-08-05,19,27,M,General Medicine,Infection / fever,4,56,9.9,0
V102496,2026-09-25,23,44,M,Pulmonology,Respiratory,2,10,12.2,0
V102497,2026-07-07,6,12,F,Emergency Medicine,Trauma / acute illness,3,14,12.4,0
V102498,2026-07-10,15,51,F,Neurology,Neurological,4,42,2.2,0
V102499,2026-07-26,8,56,M,General Medicine,Infection / fever,4,14,1.2,1
V102500,2026-09-05,19,21,F,Emergency Medicine,Trauma / acute illness,1,4,6.9,0
V102501,2026-07-23,9,75,F,Orthopaedics,Musculoskeletal,4,43,14.4,0
V102502,2026-07-23,10,67,F,Obstetrics & Gynaecology,Obstetric,4,25,4.6,1
V102503,2026-09-03,10,49,F,Neurology,Neurological,3,31,13.0,0
V102504,2026-08-24,13,25,M,Cardiology,Cardiovascular,3,79,5.9,0
V102505,2026-08-27,15,58,M,Emergency Medicine,Trauma / acute illness,3,42,6.2,0
V102506,2026-08-29,16,34,F,Paediatrics,Paediatric illness,4,160,3.4,0
V102507,2026-08-27,13,46,F,Paediatrics,Paediatric illness,4,35,3.2,0
V102508,2026-08-19,7,60,F,Pulmonology,Respiratory,5,31,4.1,0
V102509,2026-08-16,17,18,F,Orthopaedics,Musculoskeletal,5,46,1.6,0
V102510,2026-09-08,13,15,M,General Medicine,Infection / fever,5,11,1.6,0
V102511,2026-07-31,20,32,M,General Medicine,Infection / fever,4,37,4.7,0
V102512,2026-07-29,10,98,F,Emergency Medicine,Trauma / acute illness,1,2,10.4,0
V102513,2026-07-22,5,98,F,Emergency Medicine,Trauma / acute illness,3,45,4.8,0
V102514,2026-09-13,13,51,M,Emergency Medicine,Trauma / acute illness,3,82,11.4,0
V102515,2026-07-02,20,68,F,Neurology,Neurological,2,26,12.2,0
V102516,2026-07-19,14,41,M,Emergency Medicine,Trauma / acute illness,2,4,6.2,0
V102517,2026-07-14,12,44,M,Emergency Medicine,Trauma / acute illness,2,36,4.8,0
V102518,2026-08-03,9,38,F,Pulmonology,Respiratory,4,14,9.7,0
V102519,2026-07-20,23,72,M,Emergency Medicine,Trauma / acute illness,3,32,3.6,0
V102520,2026-08-15,8,87,F,Emergency Medicine,Trauma / acute illness,2,28,15.0,0
V102521,2026-09-26,10,44,F,Pulmonology,Respiratory,3,21,1.1,0
V102522,2026-08-08,16,44,M,General Medicine,Infection / fever,3,41,7.5,0
V102523,2026-09-26,4,39,M,Pulmonology,Respiratory,1,1,12.8,0
V102524,2026-07-28,20,88,F,Paediatrics,Paediatric illness,2,40,3.9,0
V102525,2026-09-08,17,64,M,Emergency Medicine,Trauma / acute illness,2,56,2.9,0
V102526,2026-07-13,18,24,F,Paediatrics,Paediatric illness,3,53,7.9,0
V102527,2026-08-24,16,98,M,Paediatrics,Paediatric illness,4,28,2.6,0
V102528,2026-09-06,13,9,M,Neurology,Neurological,4,69,11.1,0
V102529,2026-08-30,8,84,M,Orthopaedics,Musculoskeletal,3,42,5.9,0
V102530,2026-09-23,13,69,F,Pulmonology,Respiratory,5,73,7.4,0
V102531,2026-08-24,8,44,F,Orthopaedics,Musculoskeletal,3,65,15.9,0
V102532,2026-08-22,16,43,M,Orthopaedics,Musculoskeletal,4,55,4.3,0
V102533,2026-08-28,18,40,F,Emergency Medicine,Trauma / acute illness,2,13,10.8,0
V102534,2026-08-01,21,25,M,Obstetrics & Gynaecology,Obstetric,5,16,4.6,0
V102535,2026-07-20,15,96,F,Pulmonology,Respiratory,3,49,4.0,0
V102536,2026-09-20,18,42,F,Gastroenterology,Gastrointestinal,4,8,3.4,1
V102537,2026-09-26,12,25,F,General Medicine,Infection / fever,2,28,24.4,0
V102538,2026-09-22,11,93,M,Emergency Medicine,Trauma / acute illness,1,2,22.6,1
V102539,2026-09-07,16,53,F,General Medicine,Infection / fever,5,69,1.9,0
V102540,2026-07-21,11,55,F,General Medicine,Infection / fever,2,11,10.8,0
V102541,2026-07-22,15,98,M,General Medicine,Infection / fever,5,70,2.5,1
V102542,2026-07-28,8,59,F,Cardiology,Cardiovascular,3,23,5.4,0
V102543,2026-08-16,9,30,M,Cardiology,Cardiovascular,2,30,13.7,0
V102544,2026-07-22,17,59,F,General Medicine,Infection / fever,3,14,5.4,0
V102545,2026-09-10,18,26,M,General Medicine,Infection / fever,5,72,3.8,0
V102546,2026-07-08,8,33,F,Obstetrics & Gynaecology,Obstetric,5,67,0.7,1
V102547,2026-09-21,17,50,M,Emergency Medicine,Trauma / acute illness,2,193,13.6,0
V102548,2026-08-10,11,67,F,Cardiology,Cardiovascular,3,44,4.3,1
V102549,2026-08-04,14,31,M,Cardiology,Cardiovascular,2,62,8.3,0
V102550,2026-08-10,21,39,F,Pulmonology,Respiratory,3,12,3.8,1
V102551,2026-08-13,18,39,M,General Medicine,Infection / fever,3,85,10.2,1
V102552,2026-08-19,18,73,F,Orthopaedics,Musculoskeletal,3,11,3.5,0
V102553,2026-07-28,23,43,M,Obstetrics & Gynaecology,Obstetric,5,99,3.8,0
V102554,2026-07-28,10,98,F,Cardiology,Cardiovascular,2,36,10.5,0
V102555,2026-08-03,8,33,M,Orthopaedics,Musculoskeletal,3,9,5.8,0
V102556,2026-07-15,10,32,F,Emergency Medicine,Trauma / acute illness,1,2,7.2,0
V102557,2026-07-21,12,83,M,Cardiology,Cardiovascular,3,70,6.2,0
V102558,2026-08-07,1,56,F,General Medicine,Infection / fever,3,24,15.7,0
V102559,2026-07-03,12,98,M,Emergency Medicine,Trauma / acute illness,2,29,6.8,0
V102560,2026-08-07,11,82,M,Pulmonology,Respiratory,1,5,27.5,0
V102561,2026-08-07,18,21,F,Orthopaedics,Musculoskeletal,5,44,6.4,0
V102562,2026-07-01,15,43,F,Gastroenterology,Gastrointestinal,3,82,5.7,0
V102563,2026-08-12,10,50,M,General Medicine,Infection / fever,4,27,1.2,0
V102564,2026-08-29,17,48,F,Pulmonology,Respiratory,3,8,13.2,0
V102565,2026-09-09,17,39,F,General Medicine,Infection / fever,5,46,4.4,0
V102566,2026-08-04,10,47,F,Emergency Medicine,Trauma / acute illness,3,40,15.9,0
V102567,2026-08-17,11,49,F,Emergency Medicine,Trauma / acute illness,4,26,4.4,0
V102568,2026-07-08,2,31,M,Orthopaedics,Musculoskeletal,4,38,5.8,0
V102569,2026-07-30,8,72,F,Obstetrics & Gynaecology,Obstetric,5,8,2.8,0
V102570,2026-08-29,10,94,M,Emergency Medicine,Trauma / acute illness,2,41,7.5,1
V102571,2026-08-11,14,61,F,Pulmonology,Respiratory,4,16,5.6,0
V102572,2026-09-24,9,53,F,Gastroenterology,Gastrointestinal,5,11,4.7,0
V102573,2026-09-10,11,41,M,Neurology,Neurological,4,44,8.0,0
V102574,2026-09-20,7,49,M,Pulmonology,Respiratory,4,9,4.8,0
V102575,2026-08-13,14,52,M,Pulmonology,Respiratory,3,5,14.8,0
V102576,2026-07-07,16,25,F,Orthopaedics,Musculoskeletal,4,57,1.6,0
V102577,2026-08-19,16,70,F,Neurology,Neurological,4,18,21.1,0
V102578,2026-09-24,14,35,F,Emergency Medicine,Trauma / acute illness,4,61,1.8,0
V102579,2026-07-16,5,85,M,Paediatrics,Paediatric illness,3,22,7.9,0
V102580,2026-09-25,10,5,M,Emergency Medicine,Trauma / acute illness,2,34,11.1,0
V102581,2026-07-01,11,47,M,Neurology,Neurological,2,62,11.4,0
V102582,2026-08-25,11,71,M,Emergency Medicine,Trauma / acute illness,3,49,15.0,0
V102583,2026-09-22,14,61,F,Emergency Medicine,Trauma / acute illness,2,48,4.7,0
V102584,2026-07-20,21,21,M,Emergency Medicine,Trauma / acute illness,3,40,9.0,0
V102585,2026-07-25,18,82,M,General Medicine,Infection / fever,4,24,8.8,0
V102586,2026-09-11,8,29,F,Cardiology,Cardiovascular,2,31,20.2,0
V102587,2026-08-01,17,33,F,Emergency Medicine,Trauma / acute illness,4,20,3.8,0
V102588,2026-08-28,17,35,M,General Medicine,Infection / fever,3,48,7.8,0
V102589,2026-07-11,9,17,F,General Medicine,Infection / fever,5,27,2.3,0
V102590,2026-08-30,18,48,F,Gastroenterology,Gastrointestinal,4,38,7.3,0
V102591,2026-08-16,13,73,F,Paediatrics,Paediatric illness,2,87,15.9,0
V102592,2026-08-15,6,84,M,Orthopaedics,Musculoskeletal,5,49,3.0,0
V102593,2026-09-05,16,39,M,Emergency Medicine,Trauma / acute illness,3,23,6.9,0
V102594,2026-08-10,15,43,M,Cardiology,Cardiovascular,3,9,7.3,0
V102595,2026-08-31,12,63,M,Paediatrics,Paediatric illness,3,40,3.0,0
V102596,2026-08-08,13,40,F,Emergency Medicine,Trauma / acute illness,1,1,15.5,0
V102597,2026-09-16,10,76,M,General Medicine,Infection / fever,5,135,4.2,0
V102598,2026-08-20,17,42,F,Paediatrics,Paediatric illness,3,34,3.1,0
V102599,2026-07-26,13,27,M,Obstetrics & Gynaecology,Obstetric,3,66,9.8,0
V102600,2026-09-18,14,48,M,General Medicine,Infection / fever,4,14,21.7,0
V102601,2026-07-29,15,19,M,Orthopaedics,Musculoskeletal,2,45,5.1,1
V102602,2026-09-23,7,48,M,General Medicine,Infection / fever,3,56,3.0,0
V102603,2026-09-25,9,53,F,Gastroenterology,Gastrointestinal,5,50,3.7,0
V102604,2026-08-20,2,29,F,Emergency Medicine,Trauma / acute illness,3,47,5.5,0
V102605,2026-08-11,16,52,M,Emergency Medicine,Trauma / acute illness,2,42,18.5,0
V102606,2026-07-24,7,37,F,Pulmonology,Respiratory,3,20,6.7,0
V102607,2026-09-14,14,28,F,Emergency Medicine,Trauma / acute illness,2,16,6.0,0
V102608,2026-07-25,15,17,M,Orthopaedics,Musculoskeletal,4,23,4.4,0
V102609,2026-08-25,17,20,F,General Medicine,Infection / fever,3,109,11.0,0
V102610,2026-09-11,7,90,F,Paediatrics,Paediatric illness,3,32,11.9,0
V102611,2026-07-17,13,37,F,Neurology,Neurological,2,70,2.9,0
V102612,2026-07-16,22,52,F,General Medicine,Infection / fever,3,18,11.0,0
V102613,2026-09-25,22,39,F,Gastroenterology,Gastrointestinal,5,56,2.5,0
V102614,2026-09-27,19,91,F,Cardiology,Cardiovascular,3,17,9.1,0
V102615,2026-07-30,15,28,M,General Medicine,Infection / fever,3,31,9.3,0
V102616,2026-07-21,8,45,F,Emergency Medicine,Trauma / acute illness,1,1,5.0,0
V102617,2026-08-27,17,33,F,Neurology,Neurological,3,102,2.1,0
V102618,2026-08-22,13,70,M,Neurology,Neurological,5,25,1.9,0
V102619,2026-07-23,16,52,M,Paediatrics,Paediatric illness,3,56,13.3,0
V102620,2026-07-20,10,44,M,Paediatrics,Paediatric illness,4,55,8.8,0
V102621,2026-08-21,13,21,M,Obstetrics & Gynaecology,Obstetric,4,15,0.5,0
V102622,2026-07-25,14,98,M,Emergency Medicine,Trauma / acute illness,2,70,10.4,0
V102623,2026-08-18,15,40,F,Paediatrics,Paediatric illness,3,87,4.8,0
V102624,2026-08-31,16,26,M,Pulmonology,Respiratory,4,48,2.2,1
V102625,2026-07-24,10,17,F,General Medicine,Infection / fever,4,43,10.0,1
V102626,2026-08-21,7,20,M,Pulmonology,Respiratory,4,6,11.4,0
V102627,2026-09-27,22,44,M,Cardiology,Cardiovascular,3,9,8.2,0
V102628,2026-08-18,23,71,M,Cardiology,Cardiovascular,3,22,5.8,0
V102629,2026-07-13,16,50,M,Cardiology,Cardiovascular,4,20,3.5,0
V102630,2026-09-05,7,18,F,Emergency Medicine,Trauma / acute illness,4,55,1.9,0
V102631,2026-08-09,9,44,F,General Medicine,Infection / fever,5,10,1.7,0
V102632,2026-09-03,16,81,M,Paediatrics,Paediatric illness,4,12,3.7,0
V102633,2026-07-03,20,36,F,Orthopaedics,Musculoskeletal,3,53,16.3,0
V102634,2026-09-03,7,50,M,General Medicine,Infection / fever,5,44,0.5,0
V102635,2026-08-31,13,37,M,General Medicine,Infection / fever,5,51,4.1,0
V102636,2026-07-01,15,56,F,General Medicine,Infection / fever,5,76,1.2,0
V102637,2026-08-11,18,28,F,Emergency Medicine,Trauma / acute illness,2,20,14.6,0
V102638,2026-08-12,12,5,M,Neurology,Neurological,4,30,4.3,1
V102639,2026-08-20,5,22,F,Emergency Medicine,Trauma / acute illness,2,30,16.6,0
V102640,2026-08-25,17,34,F,Orthopaedics,Musculoskeletal,4,48,1.6,0
V102641,2026-09-01,19,41,F,Gastroenterology,Gastrointestinal,4,21,3.0,0
V102642,2026-09-21,13,34,F,Pulmonology,Respiratory,4,82,3.7,0
V102643,2026-09-07,16,34,F,Neurology,Neurological,2,12,9.9,0
V102644,2026-07-28,11,71,M,Cardiology,Cardiovascular,3,29,8.5,0
V102645,2026-09-25,9,24,M,Paediatrics,Paediatric illness,4,12,1.9,0
V102646,2026-08-13,19,44,F,Orthopaedics,Musculoskeletal,4,157,1.5,0
V102647,2026-09-16,16,19,M,Gastroenterology,Gastrointestinal,5,48,1.9,0
V102648,2026-08-13,16,61,F,Orthopaedics,Musculoskeletal,4,19,4.5,0
V102649,2026-07-30,21,49,M,Neurology,Neurological,3,20,5.5,0
V102650,2026-09-04,8,98,F,Obstetrics & Gynaecology,Obstetric,3,34,2.6,0
V102651,2026-09-04,11,24,M,General Medicine,Infection / fever,4,74,4.6,0
V102652,2026-07-11,14,93,M,Neurology,Neurological,4,21,7.6,0
V102653,2026-07-07,11,26,M,Gastroenterology,Gastrointestinal,4,101,5.5,0
V102654,2026-09-07,18,36,M,General Medicine,Infection / fever,3,38,6.2,0
V102655,2026-07-13,13,20,M,Paediatrics,Paediatric illness,5,66,2.6,0
V102656,2026-08-11,8,98,F,General Medicine,Infection / fever,3,18,5.0,0
V102657,2026-08-11,14,53,M,Pulmonology,Respiratory,2,42,20.1,0
V102658,2026-08-09,14,53,M,Emergency Medicine,Trauma / acute illness,2,20,6.3,0
V102659,2026-08-11,18,27,M,Emergency Medicine,Trauma / acute illness,1,2,16.4,0
V102660,2026-09-24,16,10,M,Neurology,Neurological,1,5,10.1,0
V102661,2026-08-15,16,35,M,General Medicine,Infection / fever,4,57,8.5,0
V102662,2026-09-17,15,32,F,General Medicine,Infection / fever,4,33,3.1,0
V102663,2026-08-12,13,14,F,Cardiology,Cardiovascular,4,73,8.6,0
V102664,2026-08-12,10,36,M,General Medicine,Infection / fever,4,50,10.9,0
V102665,2026-08-27,15,44,M,Gastroenterology,Gastrointestinal,4,7,2.4,0
V102666,2026-07-22,12,55,M,Paediatrics,Paediatric illness,3,34,12.0,0
V102667,2026-09-24,22,11,M,Emergency Medicine,Trauma / acute illness,3,49,18.8,1
V102668,2026-09-22,20,21,F,Pulmonology,Respiratory,5,134,2.9,1
V102669,2026-07-16,17,27,M,General Medicine,Infection / fever,4,17,9.6,0
V102670,2026-07-14,15,73,M,Pulmonology,Respiratory,3,64,17.8,1
V102671,2026-08-02,13,72,M,General Medicine,Infection / fever,2,33,18.7,0
V102672,2026-07-18,7,52,F,General Medicine,Infection / fever,5,12,1.3,0
V102673,2026-07-07,12,36,M,General Medicine,Infection / fever,5,18,3.2,1
V102674,2026-09-11,14,75,F,Pulmonology,Respiratory,3,16,11.5,0
V102675,2026-07-18,15,49,M,General Medicine,Infection / fever,3,10,1.2,0
V102676,2026-08-03,16,73,M,General Medicine,Infection / fever,3,12,7.6,0
V102677,2026-09-27,18,53,M,Neurology,Neurological,3,39,7.7,0
V102678,2026-08-05,10,15,F,Gastroenterology,Gastrointestinal,4,7,6.5,0
V102679,2026-07-04,10,10,F,Cardiology,Cardiovascular,3,18,3.1,0
V102680,2026-07-22,21,34,M,Gastroenterology,Gastrointestinal,4,23,4.0,0
V102681,2026-07-20,18,65,M,Neurology,Neurological,4,21,5.5,0
V102682,2026-08-20,11,31,F,Emergency Medicine,Trauma / acute illness,3,11,5.1,0
V102683,2026-08-08,13,82,M,Pulmonology,Respiratory,2,32,2.8,0
V102684,2026-07-07,13,62,M,Cardiology,Cardiovascular,2,16,20.7,0
V102685,2026-07-27,14,78,F,Gastroenterology,Gastrointestinal,3,19,24.4,0
V102686,2026-08-12,16,35,M,Emergency Medicine,Trauma / acute illness,2,29,12.0,0
V102687,2026-08-19,23,25,M,Orthopaedics,Musculoskeletal,5,52,3.0,0
V102688,2026-08-07,14,23,M,Cardiology,Cardiovascular,5,27,2.3,0
V102689,2026-09-28,17,55,M,General Medicine,Infection / fever,5,29,0.7,1
V102690,2026-08-14,5,16,M,Paediatrics,Paediatric illness,4,11,1.1,0
V102691,2026-09-02,11,17,M,General Medicine,Infection / fever,3,66,14.8,0
V102692,2026-08-21,20,30,F,Paediatrics,Paediatric illness,4,42,14.4,0
V102693,2026-08-06,16,48,F,Obstetrics & Gynaecology,Obstetric,3,63,9.6,0
V102694,2026-07-03,0,28,F,Paediatrics,Paediatric illness,5,65,1.7,0
V102695,2026-08-31,17,72,M,Emergency Medicine,Trauma / acute illness,1,2,11.3,0
V102696,2026-09-16,23,79,F,Neurology,Neurological,3,45,11.8,0
V102697,2026-09-17,3,7,F,Emergency Medicine,Trauma / acute illness,2,26,19.0,0
V102698,2026-09-10,21,53,M,General Medicine,Infection / fever,4,19,4.6,1
V102699,2026-07-21,0,32,F,Paediatrics,Paediatric illness,4,17,3.6,0
V102700,2026-08-10,18,66,F,Orthopaedics,Musculoskeletal,5,45,2.2,0
V102701,2026-09-03,13,54,M,Pulmonology,Respiratory,3,43,4.6,0
V102702,2026-09-04,1,46,F,General Medicine,Infection / fever,5,4,3.4,0
V102703,2026-08-25,16,40,M,Neurology,Neurological,2,23,11.4,0
V102704,2026-07-05,19,17,F,Orthopaedics,Musculoskeletal,4,47,5.4,0
V102705,2026-09-05,15,98,M,General Medicine,Infection / fever,4,55,3.3,0
V102706,2026-08-20,17,21,M,Paediatrics,Paediatric illness,4,36,3.9,0
V102707,2026-07-08,11,93,M,Emergency Medicine,Trauma / acute illness,2,42,17.3,1
V102708,2026-08-18,4,60,F,Emergency Medicine,Trauma / acute illness,2,13,23.8,0
V102709,2026-09-04,17,32,M,Orthopaedics,Musculoskeletal,5,58,3.9,0
V102710,2026-09-23,23,30,F,Obstetrics & Gynaecology,Obstetric,3,31,14.2,0
V102711,2026-09-09,19,16,M,Cardiology,Cardiovascular,2,61,1.7,0
V102712,2026-07-24,3,43,F,Cardiology,Cardiovascular,3,68,15.9,0
V102713,2026-08-31,6,16,F,Emergency Medicine,Trauma / acute illness,2,46,12.7,0
V102714,2026-08-30,9,74,F,Neurology,Neurological,1,2,14.7,0
V102715,2026-07-18,5,49,F,Emergency Medicine,Trauma / acute illness,4,11,5.8,0
V102716,2026-09-13,14,42,F,General Medicine,Infection / fever,3,18,20.1,0
V102717,2026-07-15,16,45,F,Obstetrics & Gynaecology,Obstetric,4,102,3.3,0
V102718,2026-09-06,6,50,M,Emergency Medicine,Trauma / acute illness,2,24,11.6,0
V102719,2026-09-05,18,36,M,Pulmonology,Respiratory,3,44,6.3,0
V102720,2026-09-25,17,38,M,General Medicine,Infection / fever,3,63,3.3,0
V102721,2026-08-28,11,98,F,Gastroenterology,Gastrointestinal,4,41,2.4,0
V102722,2026-07-07,13,70,F,General Medicine,Infection / fever,4,87,3.4,0
V102723,2026-09-27,3,58,M,General Medicine,Infection / fever,5,11,1.3,0
V102724,2026-08-04,12,32,F,Emergency Medicine,Trauma / acute illness,2,44,8.8,0
V102725,2026-08-10,14,13,M,Gastroenterology,Gastrointestinal,5,137,4.7,0
V102726,2026-09-17,14,55,M,Gastroenterology,Gastrointestinal,2,71,4.4,0
V102727,2026-07-21,15,45,F,Emergency Medicine,Trauma / acute illness,1,6,6.6,0
V102728,2026-08-29,15,38,M,General Medicine,Infection / fever,5,14,6.6,0
V102729,2026-09-08,12,41,M,Paediatrics,Paediatric illness,4,47,3.4,0
V102730,2026-08-17,15,22,M,Emergency Medicine,Trauma / acute illness,3,33,4.4,0
V102731,2026-09-06,19,25,M,Cardiology,Cardiovascular,3,18,4.5,0
V102732,2026-09-03,13,71,F,Pulmonology,Respiratory,3,42,8.8,0
V102733,2026-08-17,15,10,M,Cardiology,Cardiovascular,3,14,6.6,0
V102734,2026-07-09,13,66,F,Cardiology,Cardiovascular,2,41,6.7,0
V102735,2026-09-06,10,84,F,General Medicine,Infection / fever,4,19,4.7,0
V102736,2026-09-10,16,54,M,Emergency Medicine,Trauma / acute illness,3,46,12.3,0
V102737,2026-07-28,11,53,F,General Medicine,Infection / fever,5,24,2.8,0
V102738,2026-09-12,16,25,M,Orthopaedics,Musculoskeletal,5,35,5.6,0
V102739,2026-07-20,14,27,M,Pulmonology,Respiratory,4,30,3.8,0
V102740,2026-07-16,12,34,F,Emergency Medicine,Trauma / acute illness,1,2,20.5,0
V102741,2026-07-12,12,19,F,Neurology,Neurological,5,44,4.2,1
V102742,2026-08-19,11,26,F,Emergency Medicine,Trauma / acute illness,2,23,5.2,0
V102743,2026-07-27,5,45,F,Gastroenterology,Gastrointestinal,4,13,6.1,0
V102744,2026-09-01,15,33,F,General Medicine,Infection / fever,4,81,4.8,0
V102745,2026-08-28,15,47,M,Gastroenterology,Gastrointestinal,4,40,0.9,1
V102746,2026-08-08,18,70,F,Emergency Medicine,Trauma / acute illness,3,43,3.1,0
V102747,2026-07-24,11,46,F,Emergency Medicine,Trauma / acute illness,3,26,7.9,0
V102748,2026-09-21,23,53,F,General Medicine,Infection / fever,4,118,1.0,0
V102749,2026-09-18,12,16,F,Emergency Medicine,Trauma / acute illness,2,33,1.5,0
V102750,2026-08-01,9,70,M,Emergency Medicine,Trauma / acute illness,2,49,10.7,0
V102751,2026-07-23,8,16,M,Orthopaedics,Musculoskeletal,3,21,0.6,0
V102752,2026-09-11,4,32,F,Neurology,Neurological,3,38,2.8,0
V102753,2026-08-31,21,22,F,Emergency Medicine,Trauma / acute illness,2,20,9.5,0
V102754,2026-08-11,21,13,M,Paediatrics,Paediatric illness,5,62,2.1,0
V102755,2026-08-17,17,45,M,Gastroenterology,Gastrointestinal,4,27,4.2,0
V102756,2026-09-04,9,56,M,Neurology,Neurological,1,1,17.4,0
V102757,2026-07-20,23,85,F,Orthopaedics,Musculoskeletal,5,40,5.7,0
V102758,2026-09-28,12,49,M,Orthopaedics,Musculoskeletal,4,79,9.7,0
V102759,2026-08-20,12,26,F,General Medicine,Infection / fever,4,36,14.0,0
V102760,2026-07-12,21,32,F,Orthopaedics,Musculoskeletal,4,20,0.5,0
V102761,2026-09-24,17,14,M,Paediatrics,Paediatric illness,3,12,3.7,0
V102762,2026-09-28,23,34,F,Emergency Medicine,Trauma / acute illness,4,59,1.8,1
V102763,2026-09-23,15,42,M,Cardiology,Cardiovascular,3,18,21.5,0
V102764,2026-09-01,11,54,M,Emergency Medicine,Trauma / acute illness,1,2,12.0,0
V102765,2026-07-27,10,62,M,Paediatrics,Paediatric illness,4,29,4.3,0
V102766,2026-08-17,4,54,M,General Medicine,Infection / fever,5,32,1.6,0
V102767,2026-08-18,12,25,F,Orthopaedics,Musculoskeletal,4,58,3.1,0
V102768,2026-08-15,19,21,M,Neurology,Neurological,2,102,6.1,0
V102769,2026-07-14,17,60,M,Obstetrics & Gynaecology,Obstetric,3,44,4.9,0
V102770,2026-07-28,14,12,F,Emergency Medicine,Trauma / acute illness,2,11,6.0,0
V102771,2026-08-12,8,98,M,Gastroenterology,Gastrointestinal,5,30,7.3,0
V102772,2026-08-17,15,28,M,Paediatrics,Paediatric illness,4,50,17.5,0
V102773,2026-07-29,19,75,M,Emergency Medicine,Trauma / acute illness,1,6,30.0,1
V102774,2026-09-04,16,30,F,Gastroenterology,Gastrointestinal,4,82,0.8,0
V102775,2026-09-22,14,56,M,General Medicine,Infection / fever,4,36,2.7,0
V102776,2026-08-12,9,21,F,Orthopaedics,Musculoskeletal,3,28,0.9,0
V102777,2026-08-26,18,43,F,General Medicine,Infection / fever,3,41,25.8,0
V102778,2026-07-18,0,14,F,Cardiology,Cardiovascular,2,24,12.0,0
V102779,2026-07-17,15,50,M,Emergency Medicine,Trauma / acute illness,3,33,12.1,0
V102780,2026-07-07,23,21,M,Emergency Medicine,Trauma / acute illness,3,70,6.1,0
V102781,2026-09-28,6,23,F,Emergency Medicine,Trauma / acute illness,3,15,6.5,1
V102782,2026-07-28,12,33,F,Orthopaedics,Musculoskeletal,4,72,10.4,0
V102783,2026-09-01,13,37,F,General Medicine,Infection / fever,4,64,4.8,0
V102784,2026-08-26,11,55,F,Emergency Medicine,Trauma / acute illness,2,28,9.9,0
V102785,2026-07-13,19,52,F,Orthopaedics,Musculoskeletal,4,22,7.6,0
V102786,2026-07-15,16,45,F,Orthopaedics,Musculoskeletal,5,45,3.5,0
V102787,2026-09-10,14,65,F,Pulmonology,Respiratory,5,66,2.3,0
V102788,2026-09-10,18,51,F,Paediatrics,Paediatric illness,3,2,4.7,0
V102789,2026-08-20,14,53,M,General Medicine,Infection / fever,4,15,3.0,0
V102790,2026-07-31,23,23,M,Neurology,Neurological,4,3,9.8,1
V102791,2026-08-06,14,68,M,Emergency Medicine,Trauma / acute illness,4,49,6.2,0
V102792,2026-09-10,15,64,F,Gastroenterology,Gastrointestinal,5,52,1.2,0
V102793,2026-07-18,5,46,F,Obstetrics & Gynaecology,Obstetric,3,11,13.0,0
V102794,2026-07-08,11,63,F,Neurology,Neurological,4,21,4.6,0
V102795,2026-07-26,19,41,F,Pulmonology,Respiratory,3,40,1.2,0
V102796,2026-07-18,7,87,F,Pulmonology,Respiratory,4,7,3.7,1
V102797,2026-07-16,2,44,M,General Medicine,Infection / fever,5,51,2.3,0
V102798,2026-08-11,14,40,F,Orthopaedics,Musculoskeletal,3,29,1.5,0
V102799,2026-09-11,21,51,F,Gastroenterology,Gastrointestinal,4,28,5.8,0
V102800,2026-09-01,14,96,F,Obstetrics & Gynaecology,Obstetric,4,41,7.7,0
V102801,2026-07-25,12,31,F,General Medicine,Infection / fever,4,14,9.2,0
V102802,2026-08-08,4,50,M,Emergency Medicine,Trauma / acute illness,2,24,10.7,0
V102803,2026-08-12,16,32,F,Pulmonology,Respiratory,2,44,5.3,0
V102804,2026-08-05,17,40,F,Emergency Medicine,Trauma / acute illness,3,20,1.2,0
V102805,2026-09-26,4,26,M,Cardiology,Cardiovascular,3,14,1.2,0
V102806,2026-09-24,19,52,F,Cardiology,Cardiovascular,2,98,8.0,0
V102807,2026-09-28,17,42,F,Gastroenterology,Gastrointestinal,4,19,4.0,0
V102808,2026-08-07,19,62,M,Emergency Medicine,Trauma / acute illness,3,25,1.5,0
V102809,2026-09-10,17,71,F,Emergency Medicine,Trauma / acute illness,1,6,15.4,0
V102810,2026-09-05,17,76,M,Emergency Medicine,Trauma / acute illness,2,7,7.6,0
V102811,2026-09-10,16,33,M,Paediatrics,Paediatric illness,2,27,3.9,0
V102812,2026-07-15,18,51,F,Orthopaedics,Musculoskeletal,5,62,0.7,0
V102813,2026-09-24,4,78,F,Emergency Medicine,Trauma / acute illness,2,21,25.6,0
V102814,2026-09-23,6,26,F,Emergency Medicine,Trauma / acute illness,2,5,1.4,0
V102815,2026-09-10,10,45,M,Pulmonology,Respiratory,1,1,30.0,0
V102816,2026-08-21,13,27,F,Cardiology,Cardiovascular,4,7,2.0,0
V102817,2026-08-10,16,95,M,Pulmonology,Respiratory,3,30,24.3,0
V102818,2026-07-23,15,78,F,General Medicine,Infection / fever,4,50,2.1,0
V102819,2026-07-06,19,56,M,Paediatrics,Paediatric illness,5,25,3.0,0
V102820,2026-09-25,19,55,M,Cardiology,Cardiovascular,4,30,10.7,0
V102821,2026-07-19,9,28,F,Orthopaedics,Musculoskeletal,4,22,10.8,0
V102822,2026-07-31,15,83,F,Emergency Medicine,Trauma / acute illness,2,65,13.3,0
V102823,2026-08-10,9,36,M,Obstetrics & Gynaecology,Obstetric,4,33,5.4,0
V102824,2026-08-30,13,30,M,Obstetrics & Gynaecology,Obstetric,4,41,1.1,0
V102825,2026-07-24,15,73,F,Gastroenterology,Gastrointestinal,5,84,5.6,0
V102826,2026-07-20,0,34,M,General Medicine,Infection / fever,4,9,9.9,0
V102827,2026-07-30,23,31,M,Emergency Medicine,Trauma / acute illness,4,33,4.7,0
V102828,2026-07-30,16,64,M,Neurology,Neurological,3,23,7.9,0
V102829,2026-07-06,10,22,M,Gastroenterology,Gastrointestinal,4,92,23.3,0
V102830,2026-08-05,23,56,M,Emergency Medicine,Trauma / acute illness,5,62,0.6,0
V102831,2026-08-19,12,45,F,General Medicine,Infection / fever,5,28,3.1,0
V102832,2026-08-10,14,61,F,General Medicine,Infection / fever,5,35,4.3,0
V102833,2026-08-01,11,53,M,Neurology,Neurological,2,14,1.5,0
V102834,2026-09-21,22,98,M,Orthopaedics,Musculoskeletal,5,56,1.6,0
V102835,2026-07-24,13,47,M,Orthopaedics,Musculoskeletal,4,58,2.4,0
V102836,2026-09-14,14,34,F,Orthopaedics,Musculoskeletal,4,33,2.6,0
V102837,2026-08-24,20,42,F,Cardiology,Cardiovascular,1,2,5.6,0
V102838,2026-08-28,17,53,F,General Medicine,Infection / fever,4,27,2.7,0
V102839,2026-07-25,13,93,F,Emergency Medicine,Trauma / acute illness,1,6,8.0,0
V102840,2026-09-25,19,58,F,Gastroenterology,Gastrointestinal,4,35,4.6,0
V102841,2026-08-12,23,28,F,General Medicine,Infection / fever,3,18,3.0,0
V102842,2026-08-15,15,98,F,General Medicine,Infection / fever,5,71,3.0,0
V102843,2026-07-23,14,69,F,Cardiology,Cardiovascular,3,3,7.9,0
V102844,2026-08-13,14,27,F,Emergency Medicine,Trauma / acute illness,5,34,1.6,0
V102845,2026-08-31,20,23,M,Pulmonology,Respiratory,2,54,12.3,0
V102846,2026-09-23,10,21,M,Emergency Medicine,Trauma / acute illness,4,101,11.7,1
V102847,2026-09-15,12,41,F,Emergency Medicine,Trauma / acute illness,1,2,3.0,0
V102848,2026-07-15,6,42,M,Gastroenterology,Gastrointestinal,4,40,1.8,0
V102849,2026-07-08,7,30,F,General Medicine,Infection / fever,3,15,11.7,0
V102850,2026-09-24,11,19,M,General Medicine,Infection / fever,3,118,8.4,0
V102851,2026-09-12,13,23,M,General Medicine,Infection / fever,3,38,12.3,0
V102852,2026-07-14,23,58,F,Neurology,Neurological,2,34,14.8,0
V102853,2026-09-15,16,36,F,Cardiology,Cardiovascular,2,4,5.3,1
V102854,2026-09-07,9,25,M,Gastroenterology,Gastrointestinal,4,20,12.4,0
V102855,2026-09-25,10,45,M,Paediatrics,Paediatric illness,4,64,12.6,0
V102856,2026-07-15,21,49,F,Orthopaedics,Musculoskeletal,5,9,0.9,0
V102857,2026-09-13,19,52,M,General Medicine,Infection / fever,4,43,11.2,0
V102858,2026-08-02,14,44,M,Gastroenterology,Gastrointestinal,5,116,6.0,0
V102859,2026-08-19,11,41,M,General Medicine,Infection / fever,3,59,22.6,0
V102860,2026-07-24,19,75,F,General Medicine,Infection / fever,3,49,12.5,0
V102861,2026-07-07,8,24,F,General Medicine,Infection / fever,5,23,1.7,1
V102862,2026-09-01,16,38,F,Cardiology,Cardiovascular,3,13,3.7,0
V102863,2026-07-07,23,14,M,Emergency Medicine,Trauma / acute illness,2,21,6.9,0
V102864,2026-08-11,15,35,F,General Medicine,Infection / fever,5,66,0.7,0
V102865,2026-07-18,9,46,M,Emergency Medicine,Trauma / acute illness,2,10,12.5,0
V102866,2026-09-21,16,63,M,General Medicine,Infection / fever,3,59,5.9,0
V102867,2026-08-10,11,14,F,Pulmonology,Respiratory,4,44,1.1,0
V102868,2026-07-17,6,46,M,Paediatrics,Paediatric illness,4,15,2.5,0
V102869,2026-09-24,17,98,M,Emergency Medicine,Trauma / acute illness,2,7,22.4,0
V102870,2026-08-31,19,6,M,Pulmonology,Respiratory,3,10,9.5,0
V102871,2026-07-16,12,54,F,General Medicine,Infection / fever,3,32,3.4,0
V102872,2026-08-01,12,21,F,Emergency Medicine,Trauma / acute illness,2,63,29.6,0
V102873,2026-08-18,8,35,M,Cardiology,Cardiovascular,4,15,5.7,0
V102874,2026-09-08,13,55,M,Emergency Medicine,Trauma / acute illness,3,78,2.3,0
V102875,2026-09-28,11,30,M,Emergency Medicine,Trauma / acute illness,3,7,5.2,0
V102876,2026-09-14,8,48,F,Cardiology,Cardiovascular,3,26,1.6,0
V102877,2026-07-02,23,47,F,General Medicine,Infection / fever,3,25,18.5,0
V102878,2026-08-12,16,41,F,General Medicine,Infection / fever,2,39,16.8,0
V102879,2026-07-05,16,20,M,Emergency Medicine,Trauma / acute illness,2,34,4.8,0
V102880,2026-07-28,18,29,M,Emergency Medicine,Trauma / acute illness,2,22,1.2,0
V102881,2026-07-25,18,98,F,Emergency Medicine,Trauma / acute illness,1,2,22.0,0
V102882,2026-07-24,11,34,F,Pulmonology,Respiratory,4,71,5.6,0
V102883,2026-07-21,15,36,F,Cardiology,Cardiovascular,4,42,11.1,0
V102884,2026-08-06,12,36,F,Pulmonology,Respiratory,5,5,0.3,0
V102885,2026-08-14,16,63,F,Emergency Medicine,Trauma / acute illness,2,23,15.5,0
V102886,2026-09-24,15,37,F,Emergency Medicine,Trauma / acute illness,4,32,4.3,0
V102887,2026-08-07,12,41,M,Paediatrics,Paediatric illness,5,35,9.6,0
V102888,2026-07-03,7,46,F,Emergency Medicine,Trauma / acute illness,2,37,2.9,0
V102889,2026-08-22,14,66,M,Emergency Medicine,Trauma / acute illness,3,22,14.6,1
V102890,2026-07-28,12,42,M,Emergency Medicine,Trauma / acute illness,4,46,7.9,0
V102891,2026-07-14,4,44,F,Obstetrics & Gynaecology,Obstetric,4,78,1.1,0
V102892,2026-08-30,16,31,M,Pulmonology,Respiratory,3,72,5.4,0
V102893,2026-08-31,19,49,F,Pulmonology,Respiratory,3,20,10.7,0
V102894,2026-08-01,23,56,F,Obstetrics & Gynaecology,Obstetric,2,24,4.8,0
V102895,2026-07-20,11,58,F,Emergency Medicine,Trauma / acute illness,3,2,3.7,0
V102896,2026-08-14,11,97,F,Obstetrics & Gynaecology,Obstetric,3,51,15.8,0
V102897,2026-08-10,8,28,M,Emergency Medicine,Trauma / acute illness,2,8,30.0,0
V102898,2026-09-26,15,42,M,Pulmonology,Respiratory,4,38,9.1,0
V102899,2026-07-04,15,37,M,General Medicine,Infection / fever,3,31,1.8,0
V102900,2026-07-17,9,88,M,General Medicine,Infection / fever,4,58,1.3,0
V102901,2026-09-10,13,59,M,Paediatrics,Paediatric illness,4,47,1.6,0
V102902,2026-09-24,3,17,M,Emergency Medicine,Trauma / acute illness,2,20,15.4,0
V102903,2026-08-26,18,30,M,Obstetrics & Gynaecology,Obstetric,4,60,8.4,0
V102904,2026-07-29,9,35,M,General Medicine,Infection / fever,3,57,4.9,0
V102905,2026-07-19,13,18,F,Orthopaedics,Musculoskeletal,5,3,0.8,0
V102906,2026-09-14,6,44,M,Obstetrics & Gynaecology,Obstetric,4,18,3.6,0
V102907,2026-08-24,10,32,M,Emergency Medicine,Trauma / acute illness,3,95,1.1,0
V102908,2026-08-06,12,98,F,Paediatrics,Paediatric illness,4,141,7.1,0
V102909,2026-08-09,13,49,M,Pulmonology,Respiratory,3,18,8.1,0
V102910,2026-07-14,16,34,M,Orthopaedics,Musculoskeletal,3,62,2.3,0
V102911,2026-09-13,21,25,M,Emergency Medicine,Trauma / acute illness,3,13,13.9,0
V102912,2026-07-05,17,41,F,Pulmonology,Respiratory,4,16,4.8,0
V102913,2026-09-27,19,84,F,Orthopaedics,Musculoskeletal,3,32,4.5,0
V102914,2026-07-16,21,38,F,General Medicine,Infection / fever,4,56,6.1,0
V102915,2026-07-12,16,41,M,Emergency Medicine,Trauma / acute illness,4,32,18.8,0
V102916,2026-07-07,13,98,M,Cardiology,Cardiovascular,3,67,2.4,0
V102917,2026-08-14,19,71,M,Neurology,Neurological,2,62,30.0,0
V102918,2026-07-06,19,48,M,Emergency Medicine,Trauma / acute illness,1,2,11.8,0
V102919,2026-07-24,17,62,F,Orthopaedics,Musculoskeletal,3,23,10.8,0
V102920,2026-09-10,6,51,F,Obstetrics & Gynaecology,Obstetric,4,24,7.6,0
V102921,2026-09-06,9,49,M,Emergency Medicine,Trauma / acute illness,4,29,2.3,0
V102922,2026-07-31,12,16,F,Emergency Medicine,Trauma / acute illness,2,28,6.5,0
V102923,2026-07-04,18,23,M,Orthopaedics,Musculoskeletal,3,37,17.8,0
V102924,2026-07-15,13,46,F,Emergency Medicine,Trauma / acute illness,2,22,26.9,0
V102925,2026-08-19,19,26,M,Pulmonology,Respiratory,3,13,6.0,0
V102926,2026-08-11,20,41,M,Orthopaedics,Musculoskeletal,4,123,16.7,0
V102927,2026-09-16,20,22,F,Pulmonology,Respiratory,2,19,8.7,0
V102928,2026-08-13,20,71,F,General Medicine,Infection / fever,4,9,9.8,0
V102929,2026-08-05,8,28,M,Orthopaedics,Musculoskeletal,4,47,2.4,0
V102930,2026-08-26,16,25,F,Pulmonology,Respiratory,5,19,4.1,0
V102931,2026-09-14,10,19,M,Emergency Medicine,Trauma / acute illness,1,4,9.2,0
V102932,2026-09-12,5,58,M,Pulmonology,Respiratory,5,19,11.2,0
V102933,2026-07-14,12,41,F,Paediatrics,Paediatric illness,5,154,3.2,0
V102934,2026-08-07,20,70,F,Orthopaedics,Musculoskeletal,4,95,16.6,0
V102935,2026-09-21,16,31,F,General Medicine,Infection / fever,4,34,5.5,0
V102936,2026-09-11,23,22,F,Cardiology,Cardiovascular,2,32,9.6,0
V102937,2026-09-10,14,40,F,Emergency Medicine,Trauma / acute illness,2,37,10.8,0
V102938,2026-07-11,23,76,F,Cardiology,Cardiovascular,2,13,30.0,0
V102939,2026-08-05,14,16,F,Emergency Medicine,Trauma / acute illness,3,55,4.7,0
V102940,2026-09-13,14,48,M,Obstetrics & Gynaecology,Obstetric,2,33,30.0,1
V102941,2026-07-12,7,50,F,Emergency Medicine,Trauma / acute illness,5,38,4.8,0
V102942,2026-09-03,19,83,F,Neurology,Neurological,2,46,30.0,0
V102943,2026-08-16,11,26,F,Emergency Medicine,Trauma / acute illness,3,33,2.5,0
V102944,2026-09-04,10,15,M,Cardiology,Cardiovascular,2,16,16.9,0
V102945,2026-08-30,20,33,F,General Medicine,Infection / fever,4,55,12.3,0
V102946,2026-07-09,20,62,F,Cardiology,Cardiovascular,3,58,18.7,0
V102947,2026-07-12,19,42,M,Gastroenterology,Gastrointestinal,4,66,8.4,0
V102948,2026-07-31,12,53,M,Obstetrics & Gynaecology,Obstetric,4,67,3.5,0
V102949,2026-09-22,13,23,M,Paediatrics,Paediatric illness,5,56,1.6,0
V102950,2026-09-23,13,36,M,Emergency Medicine,Trauma / acute illness,3,8,4.6,0
V102951,2026-09-07,18,43,F,Gastroenterology,Gastrointestinal,5,159,3.0,0
V102952,2026-07-22,22,17,F,Emergency Medicine,Trauma / acute illness,2,38,10.6,0
V102953,2026-09-24,15,43,M,Paediatrics,Paediatric illness,4,30,3.6,0
V102954,2026-09-03,23,35,M,General Medicine,Infection / fever,4,53,4.1,0
V102955,2026-07-27,18,98,M,Cardiology,Cardiovascular,3,14,8.5,0
V102956,2026-09-03,12,41,M,Emergency Medicine,Trauma / acute illness,3,53,0.7,0
V102957,2026-08-09,18,85,F,Emergency Medicine,Trauma / acute illness,2,25,8.7,0
V102958,2026-08-13,22,52,M,Cardiology,Cardiovascular,3,11,4.4,0
V102959,2026-07-22,23,39,M,Paediatrics,Paediatric illness,4,12,1.6,0
V102960,2026-08-27,20,79,F,Gastroenterology,Gastrointestinal,3,47,3.7,0
V102961,2026-07-25,14,21,F,Obstetrics & Gynaecology,Obstetric,4,58,3.7,0
V102962,2026-09-22,12,33,F,Emergency Medicine,Trauma / acute illness,2,15,12.5,0
V102963,2026-07-14,16,63,F,Pulmonology,Respiratory,4,32,6.6,0
V102964,2026-07-23,22,11,M,Cardiology,Cardiovascular,4,37,7.3,0
V102965,2026-07-12,16,40,F,Pulmonology,Respiratory,5,29,3.3,0
V102966,2026-07-22,16,40,M,Cardiology,Cardiovascular,2,99,6.4,0
V102967,2026-08-30,14,47,F,Cardiology,Cardiovascular,3,48,2.5,0
V102968,2026-09-24,12,37,F,Pulmonology,Respiratory,2,29,4.1,0
V102969,2026-07-15,13,62,M,Emergency Medicine,Trauma / acute illness,3,70,6.6,0
V102970,2026-07-21,14,27,M,General Medicine,Infection / fever,3,51,8.1,0
V102971,2026-07-13,22,66,M,Orthopaedics,Musculoskeletal,3,33,14.6,0
V102972,2026-09-11,12,23,M,Emergency Medicine,Trauma / acute illness,3,48,18.9,0
V102973,2026-08-18,14,49,M,Paediatrics,Paediatric illness,3,59,5.1,0
V102974,2026-08-02,9,74,F,General Medicine,Infection / fever,3,16,9.5,0
V102975,2026-09-02,17,26,M,Neurology,Neurological,3,6,11.3,0
V102976,2026-07-08,21,29,F,Orthopaedics,Musculoskeletal,5,69,2.4,0
V102977,2026-09-09,22,68,M,Orthopaedics,Musculoskeletal,3,28,4.4,1
V102978,2026-07-09,15,45,M,Orthopaedics,Musculoskeletal,4,28,2.5,0
V102979,2026-08-22,16,15,F,Paediatrics,Paediatric illness,4,20,9.4,1
V102980,2026-07-03,13,46,M,Pulmonology,Respiratory,4,18,3.6,0
V102981,2026-07-19,16,57,M,Cardiology,Cardiovascular,4,45,3.9,0
V102982,2026-08-26,15,69,F,Emergency Medicine,Trauma / acute illness,1,3,2.3,0
V102983,2026-08-21,14,48,M,Pulmonology,Respiratory,4,80,11.2,0
V102984,2026-08-10,14,53,M,Emergency Medicine,Trauma / acute illness,2,46,15.3,0
V102985,2026-08-26,16,89,F,Cardiology,Cardiovascular,3,58,3.0,0
V102986,2026-09-14,12,64,M,Emergency Medicine,Trauma / acute illness,2,60,14.0,0
V102987,2026-07-24,12,17,M,Pulmonology,Respiratory,4,47,7.4,0
V102988,2026-09-26,22,36,F,Emergency Medicine,Trauma / acute illness,5,85,7.6,0
V102989,2026-07-14,23,38,F,Pulmonology,Respiratory,3,16,3.4,0
V102990,2026-09-27,7,73,M,Gastroenterology,Gastrointestinal,3,50,11.2,0
V102991,2026-09-22,7,77,M,Neurology,Neurological,2,4,7.2,0
V102992,2026-08-08,9,48,M,Cardiology,Cardiovascular,2,4,5.7,0
V102993,2026-07-09,13,44,M,Pulmonology,Respiratory,5,17,6.7,1
V102994,2026-08-06,18,35,M,Pulmonology,Respiratory,4,37,9.5,0
V102995,2026-07-25,17,71,F,General Medicine,Infection / fever,2,5,3.6,0
V102996,2026-08-22,14,27,F,Orthopaedics,Musculoskeletal,3,32,1.5,0
V102997,2026-07-21,16,33,M,Emergency Medicine,Trauma / acute illness,3,26,10.8,0
V102998,2026-07-07,10,71,F,Obstetrics & Gynaecology,Obstetric,4,135,5.4,0
V102999,2026-09-19,12,71,M,Emergency Medicine,Trauma / acute illness,1,1,6.3,1
